Data Import Template,,,,,,,,,,,,,,,,
Table:,Tree Species,,,,,,,,,,,,,,,
,,,,,,,,,,,,,,,,
,,,,,,,,,,,,,,,,
Notes:,,,,,,,,,,,,,,,,
Please do not change the template headings.,,,,,,,,,,,,,,,,
First data column must be blank.,,,,,,,,,,,,,,,,
"If you are uploading new records, leave the ""name"" (ID) column blank.",,,,,,,,,,,,,,,,
"If you are uploading new records, ""Naming Series"" becomes mandatory, if present.",,,,,,,,,,,,,,,,
Only mandatory fields are necessary for new records. You can delete non-mandatory columns if you wish.,,,,,,,,,,,,,,,,
"For updating, you can update only selective columns.",,,,,,,,,,,,,,,,
You can only upload upto 5000 records in one go. (may be less in some cases),,,,,,,,,,,,,,,,
,,,,,,,,,,,,,,,,
DocType:,Tree Species,,,,,,,,,,,,,,,
Column Labels:,ID,Tree Family,Wikipedia Link,Occurance,Leaf Shape,Leaf Attachment,Leaf Type,Leaf Veination,Leaf Margin,Canopy Shape,Bark,Flow Size (cm),Flower,Fruit,Fruit Size (cm),Fruiting Months
Column Name:,name,tree_family,wikipedia_link,occurance,leaf_shape,leaf_attachment,leaf_type,leaf_veination,leaf_margin,canopy_shape,bark,flow_size,flower,fruit,fruit_size,fruiting_months
Mandatory:,Yes,No,No,No,No,No,No,No,No,No,No,No,No,No,No,No
Type:,Data (text),Link,Data,Select,Select,Select,Select,Select,Select,Select,Data,Float,Data,Data,Float,Data
Info:,,Valid Tree Family,,"One of: Rare, Occasional, Common","One of: Elliptic, Lanceolate, Oblong, Ovate, Lobed, Linear","One of: Alternate, Opposite","One of: Simple, Uni-pinnate, Multi-pinnata, Digitate","One of: No, Parallel, Reticulate","One of: Acuminate, Creanate, Crenate-serrate, Crenulate, Cuneate, Dentale, Dentate, Entire, No, palmate, Peltet, Serrate, Sinuate, Spinus, Toothmargin, toothedmargin, Undulate, Wavy","One of: Conical, Erect, Globular, Irregular, Oval, Spreading, Trailing, Vase shaped",,,,,,
Start entering data below this line,,,,,,,,,,,,,,,,
,capparis grandis,Capparaceae,http://en.wikipedia.org/wiki/Capparis,Occasional,Elliptic,Alternate,Simple,Reticulate,Entire,Conical,"tall,butteressed at base",3 cm,"Small,White ","Ablong, Pointed",2 cm,March
,diospyros buxifolia,Ebenaceae,,Occasional,Elliptic,Alternate,Simple,Reticulate,Entire,Globular,"dark brown,deeply cracked.",,"White, Fragrant","Purpleish, Globose, Smooth",2 cm,March
,anogeissus acuminata,Combretaceae,http://en.wikipedia.org/wiki/Anogeissus,Occasional,Elliptic,Alternate,Simple,Reticulate,Entire,Irregular,,,"Fragrant Yellow,in Globose","Round ,Beaked",1cm,"Feb,March"
,anogeissus sericea,Combretaceae,http://en.wikipedia.org/wiki/Anogeissus,Occasional,Elliptic,Alternate,Simple,Reticulate,Entire,,,,"Fragrant Yellow,in Globose","Round ,Beaked",,"Feb,March"
,citrofortunella mitis,Rutaceae,http://en.wikipedia.org/wiki/x_Citrofortunella_mitis,Occasional,Elliptic,Alternate,Simple,Reticulate,Entire,Irregular,,1cm,"White, Fragrant","Round ,Bright,Orange",3-4 cm,"March,April"
,ficus benjamina,Moraceae,http://en.wikipedia.org/wiki/Ficus_benjamina,Common,Elliptic,Alternate,Simple,Reticulate,Entire,Spreading,,,No,No,,"March,April"
,ficus benjamina var. nuda,Moraceae,,Occasional,Elliptic,Alternate,Simple,Reticulate,Entire,Spreading,without aerial roots,,No,No,,March
,anogeissus latifolia,Combretaceae,http://en.wikipedia.org/wiki/Anogeissus_latifolia,Occasional,Elliptic,Alternate,Simple,Reticulate,Wavy,Irregular,"smooth,light coloured",2cm,Globose,"Globose,Beaked",1cm,"March,April"
,ficus microcarpa,Moraceae,http://en.wikipedia.org/wiki/Ficus_microcarpa,Common,Elliptic,Alternate,Simple,Reticulate,Entire,Spreading,,,No,No,,"March,April"
,grewia flavescens,Tiliaceae,http://en.wikipedia.org/wiki/Grewia,Occasional,Elliptic,Alternate,Simple,Reticulate,Serrate,Trailing,quadrangular deep grooved,1cm,Yellow,Yellowish Brown,4cm,"July,Augest"
,manilkara zapota,Sapotaceae,http://en.wikipedia.org/wiki/Manilkara_zapota,Common,Elliptic,Alternate,Simple,Reticulate,Entire,Globular,,,"Small,Creamish Yellow",Brown,5-8cm,April
,flacourtia latifolia,Flacourtiaceae,http://es.wikipedia.org/wiki/Flacourtia,Occasional,Elliptic,Alternate,Simple,Reticulate,Crenate-serrate,Erect,armed,5cm,"Small,Grean","Globose,Purple",1cm,"March,April"
,flacourtia montana,Flacourtiaceae,http://en.wikipedia.org/wiki/Flacourtia,Occasional,Elliptic,Alternate,Simple,Reticulate,Crenate-serrate,Erect,armed,,"Small,Grean","Globose,Purple",,"March,April"
,glochidion ellipticum,Euphorbiaceae,,Occasional,Elliptic,Alternate,Simple,Reticulate,Acuminate,Erect,,,Green,Globose,1cm,Feb
,annona reticulata,Annonaceae,http://en.wikipedia.org/wiki/Annona_reticulata,Rare,Elliptic,Alternate,Simple,Reticulate,Entire,Oval,,3 cm,Fragrant Green,"Globose,Green",5-10cm,May
,annona squamosa,Annonaceae,http://en.wikipedia.org/wiki/Sugar-apple,Occasional,Elliptic,Alternate,Simple,Reticulate,Entire,Oval,,3 cm,Fragrant Green,"Globose,Green",5-10cm,May
,ehretia aspera,Boraginaceae,http://fr.wikipedia.org/wiki/Ehretia,Occasional,Elliptic,Alternate,Simple,Reticulate,Acuminate,Spreading,"short,with grey bark",8-10cm,"White, Fragrant","Globose,Orange",6-8cm,April
,ehretia laevis,Boraginaceae,http://en.wikipedia.org/wiki/Ehretia,Rare,Elliptic,Alternate,Simple,Reticulate,Acuminate,Spreading,"short,with grey bark",8-10cm,"White, Fragrant","Globose,Orange",6-8cm,April
,ficus amplissima,Moraceae,,Occasional,Elliptic,Alternate,Simple,Reticulate,Entire,Oval,light coloured,,No,No,,"Jan,Feb"
,ficus virens,Moraceae,http://en.wikipedia.org/wiki/Ficus_virens,Occasional,Elliptic,Alternate,Simple,Reticulate,Entire,Oval,"grey,smooth",,No,No,,May
,eriobotrya japonica,Rosaceae,http://en.wikipedia.org/wiki/Loquat,Occasional,Elliptic,Alternate,Simple,Reticulate,Serrate,Irregular,,2cm,"Fragrant,White",Yellowish ,3-5cm,July
,mimusops elengi,Sapotaceae,http://en.wikipedia.org/wiki/Mimusops_elengi,Rare,Elliptic,Alternate,Simple,Reticulate,Acuminate,Oval,"smooth,scaly",2-6cm,"White, Fragrant",Yellow,2-3cm,"Jun,July"
,anacardium occidentale,Anacardiaceae,http://en.wikipedia.org/wiki/Cashew,Occasional,Elliptic,Alternate,Simple,Reticulate,Entire,Spreading,"short,crooked",15-16cm,Pink,"Red,Edible",3cm,"Jan,Feb"
,ficus racemosa,Moraceae,http://en.wikipedia.org/wiki/Ficus_racemosa,Common,Elliptic,Alternate,Simple,Reticulate,Entire,Erect,,,No,No,,Jan-Dec
,cananga odorata,Annonaceae,http://en.wikipedia.org/wiki/Cananga_odorata,Rare,Elliptic,Alternate,Simple,Reticulate,Acuminate,Erect,,5-8cm,Yellow,Black,1-2cm,"March,April,Octo,Nov"
,citrus limon,Rutaceae,http://en.wikipedia.org/wiki/Lemon,Occasional,Elliptic,Alternate,Simple,Reticulate,Tooth margin,Erect,,2-3cm,Fragrant White,Yellow,5-10cm,"Feb,March"
,citrus sinensis,Rutaceae,http://en.wikipedia.org/wiki/Orange_(fruit),Occasional,Elliptic,Alternate,Simple,Reticulate,Tooth margin,Erect,,2-3cm,Fragrant White,Yellow,5-10cm,"Feb,March"
,holoptelea integrifolia,Ulmaceae,,Common,Elliptic,Alternate,Simple,Reticulate,Entire,Erect,grey,,Greenish,"Flat,winged",2-3cm,"Feb,March"
,Myristica fragrans,Myristicaceae,http://en.wikipedia.org/wiki/Nutmeg,Rare,Elliptic,Alternate,Simple,Reticulate,Entire,Spreading,,1cm,Yellow,"Red ,aril",3-5cm,Dec
,excoecaria bussei,Euphorbiaceae,,Rare,Elliptic,Alternate,Simple,Reticulate,Crenulate,Irregular,,5-8cm,Green,Green,5-8cm,July
,ochna obtusata,Ochnaceae,https://en.wikipedia.org/wiki/Ochna,Rare,Elliptic,Alternate,Simple,Reticulate,Entire,Irregular,,3-5cm,Golden Yellow,Black,3-6cm,"Feb,March"
,bridelia retusa,Euphorbiaceae,http://en.wikipedia.org/wiki/Bridelia_retusa,Occasional,Elliptic,Alternate,Simple,Reticulate,Entire,Irregular,grey,,Greenish red,"Globose,Black",8mm,June
,pterospermum xylocarpum,Sterculiaceae,,Rare,Elliptic,Alternate,Simple,Reticulate,Acuminate,Erect,"smooth,brown",3-5cm,White Fragrant,"Oblong, White",3-5cm,"Nov,Dec"
,artocarpus heterophyllus,Moraceae,http://en.wikipedia.org/wiki/Jackfruit,Common,Elliptic,Alternate,Simple,Reticulate,Entire,Spreading,,,Globose Stalked head,Greenish yellow,30-60cm,"Feb,March"
,artocarpus hirsutus,Moraceae,http://en.wikipedia.org/wiki/Artocarpus_hirsutus,Occasional,Elliptic,Alternate,Simple,Reticulate,Entire,Spreading,,,Globose Stalked head,Greenish yellow,30-60cm,"Feb,March"
,ficus exasperata,Moraceae,http://en.wikipedia.org/wiki/Artocarpus_hirsutus,Occasional,Elliptic,Alternate,Simple,Reticulate,Serrate,Irregular,,,No,No,,"Jun,July"
,alseodaphne semecarpifolia,Lauraceae,http://en.wikipedia.org/wiki/Alseodaphne,Rare,Elliptic,Alternate,Simple,Reticulate,Entire,Irregular,"smooth,dark",10-20cm,Yellow,"Globose,Black",1-2cm,Dec
,talauma mutabilis (did not find the name),Magnoliaceae,http://en.wikipedia.org/wiki/Alseodaphne,,Elliptic,Alternate,Simple,Reticulate,Entire,,,,"Fragrant,White,Yellow ",Red  Seeds,,Jan-May
,hydnocarpus pentandra,Flacourtiaceae,http://en.wikipedia.org/wiki/Hydnocarpus,Rare,Elliptic,Alternate,Simple,Reticulate,Acuminate,Oval,,1cm,Whitish Green,"Globose,Tomantose Brown",5cm,"April,May"
,michelia champaca,Magnoliaceae,http://en.wikipedia.org/wiki/Michelia,Common,Elliptic,Alternate,Simple,Reticulate,Undulate,Conical,,4-6cm,Fragrant Yellow,Red,4-6cm,"March,April,Sep,Octo"
,persea americana,Lauraceae,http://en.wikipedia.org/wiki/Avocado,Occasional,Elliptic,Alternate,Simple,Reticulate,Entire,Irregular,,5-10cm,Yellow,Green,5-10cm,"Feb,March"
,persea americana var drymifolia,Lauraceae,http://es.wikipedia.org/wiki/Persea_americana,Occasional,Elliptic,Alternate,Simple,Reticulate,Entire,Irregular,,6-10cm,Yellow,Green,6-10cm,"Feb,March"
,suregada multiflora,Euphorbiaceae,http://en.wikipedia.org/wiki/Suregada,Rare,Elliptic,Alternate,Simple,Reticulate,Entire,Conical,,1cm,Yellow,Greenish Yellow,2-3cm,March
,citrus aurantium,Rutaceae,http://en.wikipedia.org/wiki/Bitter_orange,Occasional,Elliptic,Alternate,Simple,Reticulate,Entire,Conical,,2-3cm,Fragrant white,Green,10-20cm,Jun
,citrus maxima,Rutaceae,http://en.wikipedia.org/wiki/Pomelo,Occasional,Elliptic,Alternate,Simple,Reticulate,Entire,Conical,,3-3cm,Fragrant white,Green,11-20cm,Jun
,elaeocarpus sphaericus,Elaeocarpaceae,http://en.wikipedia.org/wiki/Elaeocarpus,Rare,Elliptic,Alternate,Simple,Reticulate,Acuminate,Irregular,,3-5cm,Fragrant white,Oblong,3-5cm,Aug
,ficus elastica,Moraceae,http://en.wikipedia.org/wiki/Ficus_elastica,Common,Elliptic,Alternate,Simple,Reticulate,Acuminate,Spreading,,,No,No,,Jun.July
,terminalia bellirica,Combretaceae,http://en.wikipedia.org/wiki/Terminalia_bellirica,Rare,Elliptic,Alternate,Simple,Reticulate,Entire,Globular,,10-15cm,Fragrant white,Narrowed ,1-3cm,"March,April"
,terminalia chebula,Combretaceae,http://en.wikipedia.org/wiki/Terminalia_chebula,Occasional,Elliptic,Alternate,Simple,Reticulate,Entire,Globular,,11-15cm,Fragrant white,Narrowed ,2-3cm,"March,April"
,artocarpus lacucha,Moraceae,http://en.wikipedia.org/wiki/Artocarpus_lacucha,Occasional,Elliptic,Alternate,Simple,Reticulate,Acuminate,Spreading,,3 cm,Orangish yellow,Yellow,5cm,"May,June"
,theobroma cacao,Sterculiaceae,http://en.wikipedia.org/wiki/Theobroma_cacao,Rare,Elliptic,Alternate,Simple,Reticulate,Acuminate,Irregular,,1cm,Whitish pink,Brown edible,15-20cm,Feb-May
,brugmansia arborea,Solanaceae,http://en.wikipedia.org/wiki/Theobroma_cacao,Occasional,Elliptic,Alternate,Simple,Reticulate,Entire,Irregular,,15-25cm,White/Pink,Oblong,10-20cm,April-July
,datura arborea,,http://en.wikipedia.org/wiki/Brugmansia_arborea,Occasional,Elliptic,Alternate,Simple,Reticulate,Entire,Irregular,,15-25cm,White/Pink,Oblong,10-20cm,April-July
,manilkara sp,Sapotaceae,http://pt.wikipedia.org/wiki/Manilkara,Rare,Elliptic,Alternate,Simple,Reticulate,Entire,Vase shaped,,,No,No,,No
,dillenia indica,Dilleniaceae,http://en.wikipedia.org/wiki/Dillenia_indica,Rare,Elliptic,Alternate,Simple,Reticulate,Acuminate,Globular,brown with horizontal rings,8-10cm,Fragrant white,Round fleshy,7-10cm,"July,Aug,Sep"
,muntingia calabura,Tiliaceae,http://en.wikipedia.org/wiki/Muntingia,Common,Lanceolate,Alternate,Simple,Reticulate,Acuminate,Spreading,,1-2cm,White,Globose pink,8mm,Jan-Dec
,jacquinia ruscifolia,Theophrastaceae,http://en.wikipedia.org/wiki/Jacquinia,Rare,Lanceolate,Alternate,Simple,Reticulate,Cuneate,Globular,,1cm,Redish orange,"Woody ,oblong",1-2cm,"Jun,July"
,trema orientalis,Ulmaceae,http://en.wikipedia.org/wiki/Trema_orientalis,Occasional,Lanceolate,Alternate,Simple,Reticulate,Acuminate,Spreading,,2-3cm,Green,Globose black,4mm,March
,madhuca longifolia var. longifolia,Sapotaceae,http://en.wikipedia.org/wiki/Madhuca_longifolia,Occasional,Lanceolate,Alternate,Simple,Reticulate,Entire,Oval,,3-5cm,Fragrant white,Orange,5cm,Feb
,madhuca latifolia var. latifolia,Sapotaceae,http://en.wikipedia.org/wiki/Madhuca_longifolia,Occasional,Lanceolate,Alternate,Simple,Reticulate,Entire,Oval,,4-5cm,Fragrant white,Orange,e,Feb
,salix tetrasperma,Salicaceae,http://en.wikipedia.org/wiki/Salix_tetrasperma,Rare,Lanceolate,Alternate,Simple,Reticulate,Acuminate,Trailing,rough with deep verticalgrooves,5-12m,Yellow,Slender stalked,3-4 cm,Nov
,couroupita guianensis,Lecythidaceae,http://en.wikipedia.org/wiki/Couroupita_guianensis,Occasional,Lanceolate,Alternate,Simple,Reticulate,Entire,Oval,,5-8cm,Fragrant pink,"Spherical ,woody",15cm,"Oct,Nov"
,polyalthia longifolia,Annonaceae,http://en.wikipedia.org/wiki/Polyalthia_longifolia,Common,Lanceolate,Alternate,Simple,Reticulate,Wavy,Erect,,1-2cm,Green,Ovoid hard,2-3cm,"March,April"
,polyalthia longifolia var. angustifolia,Annonaceae,http://en.wikipedia.org/wiki/Polyalthia_longifolia,Common,Lanceolate,Alternate,Simple,Reticulate,Wavy,Erect,,1-2cm,Green,Ovoid hard,2-3cm,"March,April"
,emblica officinalis,Euphorbiaceae,http://en.wikipedia.org/wiki/Phyllanthus_emblica,Common,Linear,Alternate,Simple,Reticulate,Entire,Oval,"grey,peeling off",,Greenish pink,Globose yellow,2-3cm,"March,April"
,guazuma ulmifolia,Sterculiaceae,http://en.wikipedia.org/wiki/Phyllanthus_emblica,Occasional,Lanceolate,Alternate,Simple,Reticulate,Serrate,Erect,,1cm,Yellow, Globose woody,3cm,"March,April,Octo,Nov"
,casuarina equisetifolia,Casuarinaceae,http://en.wikipedia.org/wiki/Casuarina_equisetifolia,Common,Linear,Alternate,Simple,No,Entire,Erect,,2cm,Greenish,Woody,2-3cm,April
,dracaena fragrans,Agavaceae,http://en.wikipedia.org/wiki/Dracaena_fragrans,Common,Linear,Alternate,Simple,Parallel,Entire,Erect,"5-10 cm,clustered",1cm,Pinkish white,Globose red,1-2cm,"Aug,Sep"
,dracaena sp.,Agavaceae,http://en.wikipedia.org/wiki/Dracaena_(plant),Common,Linear,Alternate,Simple,Parallel,Entire,Erect,,1cm,Pinkish white,Globose red,1-2cm,"Aug,Sep"
,beaucarnea recurvata,Agavaceae,http://en.wikipedia.org/wiki/Beaucarnea_recurvata,Occasional,Linear,Alternate,Simple,Parallel,Entire,Erect,heavily bulging and hemispherical at base,,No,No,,No
,nolina recurvata,,http://en.wikipedia.org/wiki/Beaucarnea_recurvata,Occasional,Linear,Alternate,Simple,Parallel,Entire,Erect,heavily bulging and hemispherical at base,,No,No,,No
,yucca aloifolia,Agavaceae,http://en.wikipedia.org/wiki/Yucca,Occasional,Linear,Alternate,Simple,Reticulate,Entire,Erect,"Clustered,5-10 cm withscars of fallen leaves",3-5cm,White Fragrant,No,,July
,nopalea cochenillifera,Cactaceae,http://en.wikipedia.org/wiki/Opuntia,Occasional,Linear,Alternate,Simple,No,No,Erect,"round,spineless",8cm,Red,Yellow Juicy,3-5cm,Aug
,pandanus odoratissimus,Pandanaceae,,Occasional,Linear,Alternate,Simple,Parallel,Spinus,Irregular,"thick,supported by inclined cylindrical roots",5-10cm,"Fragrant,Solitary",Oblong yellow,15-25cm,"July,Aug"
,euphorbia lactea,Euphorbiaceae,http://en.wikipedia.org/wiki/Euphorbia_lactea,Occasional,Linear,Alternate,Simple,No,No,Erect,"woody, branchessucculent",,No,No,,No
,euphorbia tirucalli,Euphorbiaceae,http://en.wikipedia.org/wiki/Euphorbia_tirucalli,Occasional,Linear,Alternate,Simple,No,No,Irregular,,5-10cm,Pink,Dark Brown,1cm,April
,bauhinia hookeri,Caesalpiniceae,,Rare,Lobed,Alternate,Simple,Reticulate,Entire,Irregular,,5-8cm,White,Flat Pods,,"Jan,Feb,March,Nov,Dec"
,bauhinia racemosa,Caesalpiniceae,http://en.wikipedia.org/wiki/Bauhinia_racemosa,Occasional,Lobed,Alternate,Simple,Reticulate,Entire,Irregular,"short,crooked,withdarkbark",1-2cm,Fragrant white,Flat Pods,,May
,bauhinia tomentosa,Caesalpiniceae,http://en.wikipedia.org/wiki/Bauhinia,Occasional,Lobed,Alternate,Simple,Reticulate,Entire,Irregular,,10-12cm,Yellow,Flat Pods,,"Jan,Feb,March,Nov,Dec"
,bauhinia variegata,Caesalpiniceae,http://en.wikipedia.org/wiki/Bauhinia_variegata,Occasional,Lobed,Alternate,Simple,Reticulate,Entire,Irregular,,6cm,"White, purple",Flat Pods,,"Oct,Nov,Dec"
,jatropha curcas,Euphorbiaceae,http://en.wikipedia.org/wiki/Jatropha_curcas,Occasional,Lobed,Alternate,Simple,Reticulate,Acuminate,Vase shaped,,5-10cm,Green,Globose yellow,3cm,"Jun,July"
,pterospermum canescens,Sterculiaceae,,Rare,Lobed,Alternate,Simple,Reticulate,Entire,Oval,,5-7cm,Fragrant white,Oblong Tomantose,3-6cm,"Aug,Sep,Octo,"
,bauhinia blakeana,Caesalpiniceae,http://en.wikipedia.org/wiki/Bauhinia_blakeana,Occasional,Lobed,Alternate,Simple,Reticulate,Entire,Spreading,,8-12cm,Purpplish Violet,Flat Pods,,"Feb,March.April,Octo,Nov"
,bauhinia monandra,Caesalpiniceae,http://en.wikipedia.org/wiki/Bauhinia_monandra,Rare,Lobed,Alternate,Simple,Reticulate,Entire,Spreading,,5cm,White,Flat Pods,,"Feb,March,Octo,Nov"
,bauhinia purpurea,Caesalpiniceae,http://en.wikipedia.org/wiki/Bauhinia_purpurea,Occasional,Lobed,Alternate,Simple,Reticulate,Entire,Irregular,,5-8cm,Purple,Flat Pods,,"Sep,Oct,Nov"
,bauhinia roxburghii (Difference in name),Caesalpiniceae,,Rare,Lobed,Alternate,Simple,Reticulate,Entire,Oval,,2cm,Fragrant yellow,Flat brown pods,,"March,April,May"
,firmiana colorata,Sterculiaceae,,Rare,Lobed,Alternate,Simple,Reticulate,Acuminate,Oval,,2cm,Orangish Red,Red,4-6cm,April
,kydia calycina,Malvaceae,,Occasional,Lobed,Alternate,Simple,Reticulate,Sinuate,Irregular,,1cm,White,In Clusters,,"Sep,Octo"
,cochlospermum religiosum,Cochlospermaceae,https://en.wikipedia.org/wiki/Cochlospermum_religiosum,Occasional,Lobed,Alternate,Simple,Reticulate,palmate,Erect,"smooth,brown",10-12cm,Golden Yellow,Brown,5-10cm,"Feb,March"
,dombeya acutangula,Sterculiaceae,http://en.wikipedia.org/wiki/Dombeya_acutangula,Occasional,Lobed,Alternate,Simple,Reticulate,Dentale,Irregular,,1-2cm,Pink,Globose,1cm,Jan
,dombeya wallichii,Sterculiaceae,http://en.wikipedia.org/wiki/Dombeya_wallichii,Occasional,Lobed,Alternate,Simple,Reticulate,Dentale,Irregular,,1-2cm,Pink,Globose,1cm,Jan
,hibiscus mutabilis,Malvaceae,http://en.wikipedia.org/wiki/Hibiscus_mutabilis,Occasional,Lobed,Alternate,Simple,Reticulate,Creanate,Oval,,10-12cm,Pink,Globose,2 cm,Aug
,solanum erianthum,Solanaceae,http://en.wikipedia.org/wiki/Solanum_erianthum,Occasional,Lobed,Alternate,Simple,Reticulate,Acuminate,Spreading,,2cm,White,Globose yellow,1cm,"July,Aug"
,solanum torvum,Solanaceae,http://en.wikipedia.org/wiki/Solanum_torvum,Occasional,Lobed,Alternate,Simple,Reticulate,Acuminate,Spreading,,2cm,White,Globose yellow,1cm,"July,Aug"
,broussonetia papyrifera,Moraceae,http://en.wikipedia.org/wiki/Paper_Mulberry,Occasional,Lobed,Alternate,Simple,Reticulate,Serrate,Trailing,"smooth,branches slender,drooping",5-10cm,White,Globose red,2-3cm,April
,manihot esculenta,Euphorbiaceae,https://en.wikipedia.org/wiki/Cassava,Occasional,Lobed,Alternate,Simple,Reticulate,Entire,Erect,,1cm,Green,Globose,,Aug
,platanus orientalis,Platanaceae,http://en.wikipedia.org/wiki/Platanus_orientalis,Rare,Lobed,Alternate,Simple,Reticulate,Acuminate,Spreading,"smooth,grey",1-2cm,Greenish,globose,2-3cm,April
,ricinus communis,Euphorbiaceae,http://Commons.wikimedia.org/wiki/Ricinus_communis,Common,Lobed,Alternate,Simple,Reticulate,Serrate,Irregular,,10-20cm,"Red,Green",Globose Green,3cm,Jan-Dec
,pterospermum acerifolium,Sterculiaceae,http://en.wikipedia.org/wiki/Pterospermum_acerifolium,Occasional,Lobed,Alternate,Simple,Reticulate,Entire,Erect,,15cm,Whitish yellow,Oblong Woody,10-15cm,"Jan,Feb"
,solanum macrophyllum,Solanaceae,http://en.wikipedia.org/wiki/Solanum_lanceolatum,Occasional,Lobed,Alternate,Simple,Reticulate,Entire,Spreading,"shot,crooked",3-5cm,"Blue,White",Globose yellow,3-5cm,Aug
,artocarpus incisus,Moraceae,,Rare,Lobed,Alternate,Simple,Reticulate,Entire,Oval,,5-8cm,Green,Oblong Green,10-15cm,"May,Jun"
,sterculia urens,Sterculiaceae,http://en.wikipedia.org/wiki/Sterculia,Occasional,Lobed,Alternate,Simple,Reticulate,Entire,Spreading,"white,smooth,papery,peeling off",10-20cm,Green,Oblong,2-3cm,March
,carica papaya,Caricaceae,http://en.wikipedia.org/wiki/Papaya,Common,Lobed,Alternate,Simple,Reticulate,Peltet,Globular,"with scars of fallen leaves soft,with milky juice",2-3cm,Greenish white,Orangish yellow,20-30cm,Jan-Dec
,ziziphus caracutta (did not find the name),Rhamnaceae,,Occasional,Lobed,Alternate,Simple,Reticulate,Serrate,Oval,,6mm,Green,Woody Globose,2-3cm,"May,June"
,ziziphus oenoplia,Rhamnaceae,http://en.wikipedia.org/wiki/Ziziphus_oenoplia,Occasional,Oblong,Alternate,Simple,Reticulate,Serrate,Oval,,6mm,Green,Woody Globose,2-3cm,"May,June"
,drypetes roxburghii,Euphorbiaceae,,Occasional,Oblong,Alternate,Simple,Reticulate,Undulate,Trailing,,2-3cm,Greenish yellow,Whitish green,1-2cm,March
,putranjiva roxburghii,Euphorbiaceae,http://en.wikipedia.org/wiki/Putranjiva,Occasional,Oblong,Alternate,Simple,Reticulate,Undulate,Trailing,,2-3cm,Greenish yellow,Whitish green,1-2cm,March
,pyrus malus,Rosaceae,http://en.wiktionary.org/wiki/Pyrus_malus,Rare,Oblong,Alternate,Simple,Reticulate,Entire,Irregular,,3 cm,White,Pinkish Green,5-8cm,"March,April"
,manilkara hexandra,Sapotaceae,http://en.wikipedia.org/wiki/Manilkara_hexandra,Occasional,Oblong,Alternate,Simple,Reticulate,Entire,Spreading,,1cm,White,Yellow,3cm,"Octo,Nov"
,ziziphus glabrata,Rhamnaceae,,Rare,Oblong,Alternate,Simple,Reticulate,Serrate,Globular,,,Greenish yellow,Orange,1-2cm,May
,ziziphus mauritiana,Rhamnaceae,http://en.wikipedia.org/wiki/Ziziphus_mauritiana,Rare,Oblong,Alternate,Simple,Reticulate,Serrate,Globular,,,Greenish yellow,Orange,1-2cm,May
,cordia gharaf,Boraginaceae,http://en.wikipedia.org/wiki/Cordia,Occasional,Oblong,Alternate,Simple,Reticulate,Entire,Irregular,"grey,furrowed.",5cm,White,Orange,1cm,Nov
,oncoba routledge,Flacourtiaceae,,Rare,Oblong,Alternate,Simple,Reticulate,Wavy,Spreading,,5-8cm,Fragrant white,"Brown,woody",5-10cm,"Jan,Feb,Jun,July"
,chrysophyllum oliviforme,Sapotaceae,http://en.wikipedia.org/wiki/Chrysophyllum_oliviforme,Rare,Oblong,Alternate,Simple,Reticulate,Acuminate,Irregular,,,Yellow,Yellowish green,3-4 cm,"Sep,Octo"
,diospyros melanoxylon,Ebenaceae,http://en.wikipedia.org/wiki/Diospyros_melanoxylon,Occasional,Oblong,Alternate,Simple,Reticulate,Entire,Oval,black branches grey tomentose.,,"Small,dirty,white",Ovoid yellow,2-3cm,March
,annona muricata,Annonaceae,http://en.wikipedia.org/wiki/Annona_muricata,Rare,Oblong,Alternate,Simple,Reticulate,Entire,Erect,,3-4cm,Greenish yellow,Ovoid green,8-12cm,Jan-April
,miliusa tomentosa,Annonaceae,,Occasional,Oblong,Alternate,Simple,Reticulate,Entire,Irregular,,2-3cm,Redish yellow,Globose purple,1-2cm,"Feb,March"
,chrysophyllum cainito,Sapotaceae,http://en.wikipedia.org/wiki/Chrysophyllum_cainito,Occasional,Oblong,Alternate,Simple,Reticulate,Acuminate,Irregular,,5cm,yellow,Green globose,5cm,"Sep,Octo"
,terminalia arjuna,Combretaceae,http://en.wikipedia.org/wiki/Terminalia_arjuna,Occasional,Oblong,Alternate,Simple,Reticulate,Entire,Globular,"yellowish white ,smooth.",10-15cm,Yellow fragrant,Ovoid Wings hard,3-5cm,"March,April"
,terminalia cuneata,Combretaceae,,Occasional,Oblong,Alternate,Simple,Reticulate,Entire,Globular,,10-15cm,Yellow fragrant,Ovoid Wings hard,3-5cm,"March,April"
,terminalia elliptica,Combretaceae,http://en.wikipedia.org/wiki/Terminalia_elliptica,Occasional,Oblong,Alternate,Simple,Reticulate,Entire,Globular,,10-15cm,Yellow fragrant,Ovoid Wings hard,3-5cm,"March,April"
,alangium salvifolium,Alangiaceae,http://en.wikipedia.org/wiki/Alangium,Rare,Oblong,Alternate,Simple,Reticulate,Acuminate,Irregular,light coloured.,2-3cm,White Fragrant,Purplish red,2 cm,"March,April"
,buchanania cochinchinensis,Anacardiaceae,,Occasional,Oblong,Alternate,Simple,Reticulate,Entire,Irregular,,10-20cm,Green,Black edible,1cm,Feb
,diospyros peregrina,Ebenaceae,http://en.wikipedia.org/wiki/Diospyros,Occasional,Oblong,Alternate,Simple,Reticulate,Wavy,Globular,,1cm,Creamy white,Globose red,3-7cm,March
,magnolia grandiflora,Magnoliaceae,http://en.wikipedia.org/wiki/Magnolia_grandiflora,Rare,Oblong,Alternate,Simple,Reticulate,Entire,Erect,smooth flaky.,15cm,Fragrant white,Ovoid cluster,,"March,April"
,mangifera indica,Anacardiaceae,http://en.wikipedia.org/wiki/Mangifera_indica,Common,Oblong,Alternate,Simple,Reticulate,Undulate,Globular,,10-20cm,Green Small,Yellow Ovoid,5-10cm,"Feb,march"
,ravenala madagascariensis,Musaceae,http://en.wikipedia.org/wiki/Ravenala,Occasional,Oblong,Alternate,Simple,Reticulate,Entire,Spreading,"cylindric, with scars of fallen leaves.",3-5cm,Creamish,No,,"Feb,March"
,ficus natalensis,Moraceae,http://en.wikipedia.org/wiki/Ficus_natalensis,Rare,Ovate,Alternate,Simple,Reticulate,Entire,Spreading,,,No,No,,No
,phyllanthus acidus,Euphorbiaceae,http://en.wikipedia.org/wiki/Phyllanthus_acidus,Common,Ovate,Alternate,Simple,Reticulate,Entire,Irregular,,,Small pink,"globose ribbed,edible",1-2cm,"April ,May,Nov,Dec"
,maytenus rothiana,Celastraceae,http://en.wikipedia.org/wiki/Maytenus,Occasional,Ovate,Alternate,Simple,Reticulate,Crenulate,Erect,,6-8cm,white,Globose Purple,6-8cm,"Feb,march"
,maytenus senegalensis,Celastraceae,http://es.wikipedia.org/wiki/Maytenus_senegalensis,Occasional,Ovate,Alternate,Simple,Reticulate,Crenulate,Erect,,6-8cm,white,Globose Purple,6-8cm,"Feb,march"
,populus deltoides,Salicaceae,http://en.wikipedia.org/wiki/Populus_deltoides,Occasional,Oblong,Alternate,Simple,Reticulate,Tooth margin,Vase shaped,,,No,No,,No
,cordia dichotoma,Boraginaceae,http://en.wikipedia.org/wiki/Cordia_dichotoma,Occasional,Oblong,Alternate,Simple,Reticulate,Entire,Trailing,,5-10cm,White,Globose pink,1-2cm,March
,cordia macleodii,Boraginaceae,http://en.wikipedia.org/wiki/Cordia,Occasional,Oblong,Alternate,Simple,Reticulate,Entire,Trailing,,5-10cm,White,Globose pink,1-2cm,March
,hura crepitans,Euphorbiaceae,http://en.wikipedia.org/wiki/Hura_crepitans,Occasional,Oblong,Alternate,Simple,Reticulate,Acuminate,Erect,with Conical prickles.branches with yellow juice.,3-5cm,Greenish pink solitary,"Globose,Ribbed",5-10cm,"Aug,Sep"
,jatropha integerrima,Euphorbiaceae,http://en.wikipedia.org/wiki/Jatropha_integerrima,Occasional,Oblong,Alternate,Simple,Reticulate,Acuminate,Irregular,,2-3cm,Red/Pink,oblong green,1cm,Jan-Dec
,jatropha pandurifolia,Euphorbiaceae,http://en.wikipedia.org/wiki/Jatropha,Occasional,Oblong,Alternate,Simple,Reticulate,Acuminate,Irregular,,2-3cm,Red/Pink,oblong green,1cm,Jan-Dec
,thespesia populnea,Malvaceae,http://en.wikipedia.org/wiki/Thespesia_populnea,Occasional,Oblong,Alternate,Simple,Reticulate,Acuminate,Globular,,5-8cm,Pink,Globose,2-3cm,"Aug,Sep"
,mallotus philippensis,Euphorbiaceae,http://en.wikipedia.org/wiki/Mallotus_philippensis,Rare,Oblong,Alternate,Simple,Reticulate,Acuminate,Irregular,,5-10cm,Small yellow,Red Powdary,8-12cm,Dec
,prunus serrulata,Rosaceae,http://en.wikipedia.org/wiki/Prunus_serrulata,,Oblong,Alternate,Simple,Reticulate,Serrate,Irregular,,3 cm,Pink,No,,"Feb,March"
,barringtonia acutangula,Barringtoniaceae,http://en.wikipedia.org/wiki/Barringtonia_acutangula,Occasional,Oblong,Alternate,Simple,Reticulate,Entire,Spreading,,3-5cm,Fragrant red,Green,3-4 cm,"may,June"
,bixa orellana,Bixaceae,http://en.wikipedia.org/wiki/Bixa_orellana,Occasional,Oblong,Alternate,Simple,Reticulate,Entire,Oval,,5cm,Pink,Ovoid red,3-5cm,"Aug,Sep"
,ficus arnottiana,Moraceae,,Common,Oblong,Alternate,Simple,Reticulate,Acuminate,Globular,,,No,No,,No
,ficus religiosa,Moraceae,http://en.wikipedia.org/wiki/Ficus_religiosa,Common,Oblong,Alternate,Simple,Reticulate,Acuminate,Globular,"lihgt coloured,branches with milky juice and withought aerial roots.",,No,No,,No
,kleinhovia hospita,Sterculiaceae,http://en.wikipedia.org/wiki/Kleinhovia_hospita,Occasional,Oblong,Alternate,Simple,Reticulate,Acuminate,Oval,,10-15cm,Pink,Yellowish brown,,July
,coccoloba uvifera,Polygonaceae,http://en.wikipedia.org/wiki/Coccoloba_uvifera,Rare,Oblong,Alternate,Simple,Reticulate,Entire,Irregular,branches crooked.,15-25cm,Fragrant white,Globose red,1-2cm,March
,morus alba,Moraceae,http://en.wikipedia.org/wiki/Morus_alba,Occasional,Oblong,Alternate,Simple,Reticulate,Acuminate,Irregular,"yellowish grey, flacky.",2-3cm,green,Reddish black,3-5cm,March
,cordia sebestena,Boraginaceae,http://en.wikipedia.org/wiki/Cordia_sebestena,Occasional,Oblong,Alternate,Simple,Reticulate,Entire,Oval,"grey,rough,furrowed.",2-3cm,bright orange,Ovoid Greenish white,3-4 cm,"Feb,March"
,ficus benghalensis,Moraceae,http://en.wikipedia.org/wiki/Ficus_benghalensis,Common,Oblong,Alternate,Simple,Reticulate,Entire,Spreading,,,No,No,,"March,April"
,ficus benghalensis var. krishnae,Moraceae,,Common,Oblong,Alternate,Simple,Reticulate,Entire,Spreading,,,No,No,,"March,April"
,ficus mollis,Moraceae,,Rare,Oblong,Alternate,Simple,Reticulate,Entire,Spreading,"white ,scaly branches wiith thin aerial roots, young branches with rusty tomentum.",,No,No,,"March,April"
,grewia asiatica,Tiliaceae,http://en.wikipedia.org/wiki/Grewia_asiatica,Occasional,Oblong,Alternate,Simple,Reticulate,Tooth margin,Trailing,short crooked. Branches hairy.,1cm,Yellow,red,1cm,July
,careya arborea,Lecythidaceae,http://en.wikipedia.org/wiki/Careya_arborea,Rare,Oblong,Alternate,Simple,Reticulate,Acuminate,Globular,,5cm,White,Round green,5-8cm,March April
,pterygota alata,Sterculiaceae,http://en.wikipedia.org/wiki/Pterygota_(plant),Occasional,Oblong,Alternate,Simple,Reticulate,Entire,Oval,,3 cm,Red,Globose brown,10-12cm,April
,sterculia alata,Sterculiaceae,http://en.wikipedia.org/wiki/Sterculia,Occasional,Oblong,Alternate,Simple,Reticulate,Entire,Oval,,3 cm,Red,Globose brown,10-12cm,April
,ficus carica,Moraceae,http://Commons.wikimedia.org/wiki/Ficus_carica,Occasional,Oblong,Alternate,Simple,Reticulate,Sinuate,Irregular,,,No,No,,"Jun,July,Aug"
,ficus spp,Moraceae,http://en.wikipedia.org/wiki/Ficus,Occasional,Oblong,Alternate,Simple,Reticulate,Sinuate,Irregular,,,No,No,,"Jun,July,Aug"
,semecarpus anacardium,Anacardiaceae,http://en.wikipedia.org/wiki/Semecarpus_anacardium,Occasional,Oblong,Alternate,Simple,Reticulate,Entire,Globular,,,Greenish white,"Smooth ,black",3cm,july aug
,ficus drupacea var. pubescens,Moraceae,,Rare,Oblong,Alternate,Simple,Reticulate,Acuminate,Oval,,,No,No,,"April,May"
,ficus lyrata,Moraceae,http://en.wikipedia.org/wiki/Ficus_lyrata,Occasional,Oblong,Alternate,Simple,Reticulate,Wavy,Oval,,,No,No,,"Jun,July"
,ficus mysorensis,Moraceae,,Rare,Oblong,Alternate,Simple,Reticulate,Acuminate,Oval,,,No,No,,"April,May"
,givotia rottleriformis,Euphorbiaceae,,Occasional,Oblong,Alternate,Simple,Reticulate,Dentate,Globular,,10-20cm,Small yellow,Globose,2-3cm,April
,terminalia catappa,Combretaceae,http://en.wikipedia.org/wiki/Terminalia_catappa,Common,Oblong,Alternate,Simple,Reticulate,Entire,Spreading,,15-25cm,Fragrant yelow,Ribbed pink,5-8cm,"July,Aug"
,barringtonia asiatica,Barringtoniaceae,http://en.wikipedia.org/wiki/Barringtonia_asiatica,Rare,Elliptic,Alternate,Simple,Reticulate,Entire,Oval,brown.,20-30cm,White,Green,5-10cm,"March,April"
,lawsonia inermis,Lythraceae,http://en.wikipedia.org/wiki/Henna,Occasional,Oblong,Opposite,Simple,Reticulate,Entire,Irregular,,1cm,Fragrant white,Globose,6mm,May
,malpighia glabra,Malpighiaceae,http://en.wikipedia.org/wiki/Malpighia_emarginata,Rare,Elliptic,Opposite,Simple,Reticulate,Entire,Oval,,1cm,Pink,"Red,Edible",1-2cm,"July,Aug"
,memecylon umbellatum,Melastomaceae,http://en.wikipedia.org/wiki/Memecylon_umbellatum,Rare,Elliptic,Opposite,Simple,Reticulate,Acuminate,Oval,,5-6cm,Bluish Purple,Purplish Black,6-8cm,"April,May"
,meyna laxiflora,Rubiaceae,,Occasional,Elliptic,Opposite,Simple,Reticulate,Acuminate,Irregular,dark smooth.,,Scars,"Globose,brown",3-5cm,March
,santalum album,Santalaceae,http://en.wikipedia.org/wiki/Santalum_album,Common,Elliptic,Opposite,Simple,Reticulate,Entire,Globular,,4-6cm,Brownish red,Purple black,1cm,"July,Aug"
,osmanthus fragrans,Oleaceae,http://en.wikipedia.org/wiki/Osmanthus_fragrans,Rare,Elliptic,Opposite,Simple,Reticulate,Entire,Oval,,5cm,Fragrant white,Green,1cm,March
,premna obtusifolia,Rubiaceae,,Rare,Elliptic,Opposite,Simple,Reticulate,Entire,Irregular,,10-15cm,White,"Purple,globose",8mm,"Octo,"
,strychnos nuxvomica (strychnos nux vomica),Loganiaceae,http://en.wikipedia.org/wiki/Strychnos_nux-vomica,Rare,Elliptic,Opposite,Simple,Reticulate,Entire,Oval,,,Green,"Globose,Orange",3-7cm,April
,tabernaemontana coronaria,Apocynaceae,http://en.wikipedia.org/wiki/Tabernaemontana,Common,Elliptic,Opposite,Simple,Reticulate,Acuminate,Spreading,,5-10cm,"Fragrant,white",No,,"Jan,Mar,May,July,sep,Nov"
,garcinia livingstonei,Clusiaceae,http://en.wikipedia.org/wiki/Garcinia_livingstonei,Rare,Elliptic,Opposite,Simple,Reticulate,Entire,Vase shaped,,1cm,"Yellowish,white","Globose,Orange",3-4 cm,"Octo,"
,olea dioica,Oleaceae,,Rare,Elliptic,Opposite,Simple,Reticulate,Serrate,Oval,,15-20cm,Compound,"Purple,Ellipsoid",1-2cm,Dec
,garcinia indica,Clusiaceae,http://en.wikipedia.org/wiki/Garcinia_indica,Occasional,Elliptic,Opposite,Simple,Reticulate,Entire,Erect,,1cm,No,"smooth,Purple",3cm,Dec
,pimenta dioica,Lauraceae,http://en.wikipedia.org/wiki/Pimenta_(genus),Rare,Elliptic,Opposite,Simple,Reticulate,Entire,Irregular,,,Yellow small,Oblong,1cm,No
,cassine glauca,Celastraceae,,Occasional,Elliptic,Opposite,Simple,Reticulate,Crenate-serrate,Oval,,10cm,Greenish white,"Green,abovoid",1cm,Sep
,gardenia angusta,Rubiaceae,http://Commons.wikimedia.org/wiki/File:Gardenia_angusta.JPG,Occasional,Elliptic,Opposite,Simple,Reticulate,Acuminate,Globular,,4-6cm,"Fragrant,white",Globose woody,2-3cm,June
,gardenia resinifera,Rubiaceae,http://en.wikipedia.org/wiki/Gardenia,Occasional,Elliptic,Opposite,Simple,Reticulate,Acuminate,Globular,resinous.,4-6cm,"Fragrant,white",Globose woody,2-3cm,June
,citharexylum spinosum,Verbenaceae,http://en.wikipedia.org/wiki/Citharexylum_spinosum,Occasional,Elliptic,Opposite,Simple,Reticulate,Serrate,Erect,"grey.branches spinous,4 angled, drooping.",10-20cm,Fragrant white,Orange Fleshy,5mm,"Jan,July"
,coffea arabica,Rubiaceae,http://en.wikipedia.org/wiki/Coffea_arabica,Occasional,Elliptic,Opposite,Simple,Reticulate,Acuminate,Irregular,,1cm,Fragrant white,"Red, Ovoid",1cm,"Feb,Mar"
,crescentia alata,Bignoniaceae,http://en.wikipedia.org/wiki/Crescentia_alata,Occasional,Elliptic,Opposite,Simple,Reticulate,Entire,Spreading,,5cm,Greenish white,Green woody,15-25cm,"June,July"
,crescentia cujete,Bignoniaceae,http://en.wikipedia.org/wiki/Crescentia_cujete,Occasional,Elliptic,Opposite,Simple,Reticulate,Entire,Spreading,,5cm,Greenish white,Green woody,15-25cm,"June,July"
,lagerstroemia microcarpa,Lythraceae,http://en.wikipedia.org/wiki/Lagerstroemia_microcarpa,Occasional,Elliptic,Opposite,Simple,Reticulate,Entire,Oval,,1cm,Fragrant white,Woody,1-2cm,"April,May"
,lagerstroemia parviflora,Lythraceae,http://en.wikipedia.org/wiki/Lagerstroemia,Occasional,Elliptic,Opposite,Simple,Reticulate,Entire,Oval,,1cm,Fragrant white,Woody,1-2cm,"April,May"
,holarrhena pubescens,Apocynaceae,,Occasional,Elliptic,Opposite,Simple,Reticulate,Acuminate,Erect,"pale, branches with milky juice.",2-3cm,"Creamish,white",Cylindric,20-40cm,"May,June"
,wrightia arborea,Apocynaceae,http://en.wikipedia.org/wiki/Wrightia,Rare,Elliptic,Opposite,Simple,Reticulate,Acuminate,Oval,yellowish grey branches.with yellow juice,2cm,"Fragrant,yellow",Rough,15-30cm,June
,ixora pavetta,Rubiaceae,http://en.wikipedia.org/wiki/Ixora_pavetta,Occasional,Elliptic,Opposite,Simple,Reticulate,Entire,Irregular,brown.,2-3cm,Fragrant white,Globose black,6mm,Feb
,wrightia tinctoria,Apocynaceae,http://en.wikipedia.org/wiki/Wrightia_tinctoria,Rare,Elliptic,Opposite,Simple,Reticulate,Acuminate,Irregular,smooth dark brown.,1-2cm,White,Pendules,25-50cm,April
,morinda citrifolia,Rubiaceae,http://en.wikipedia.org/wiki/Morinda_citrifolia,Rare,Elliptic,Opposite,Simple,Reticulate,Entire,Irregular,,3 cm,Fragrant white,Round Rough,2-3cm,May
,Morinda pubescens,Rubiaceae,,Rare,Elliptic,Opposite,Simple,Reticulate,Entire,Irregular,"dark brown,deeply cracked.",3 cm,Fragrant white,Round Rough,2-3cm,May
,syzygium jambos,Myrtaceae,http://en.wikipedia.org/wiki/Syzygium_jambos,Occasional,Elliptic,Opposite,Simple,Reticulate,Entire,Irregular,,5-7cm,White,"spongy,white or pink",3cm,"Feb,Mar,July,Aug"
,calophyllum inophyllum,Clusiaceae,http://en.wikipedia.org/wiki/Calophyllum_inophyllum,Rare,Elliptic,Opposite,Simple,Reticulate,Entire,Oval,dark grey.,2cm,White Fragrant,"Round smooth ,yellow",3-4 cm,"Nov,Dec"
,lagerstroemia reginae,Lythraceae,,Occasional,Elliptic,Opposite,Simple,Reticulate,Entire,Irregular,"pale smooth,peeling off in flakes.",5-7cm,Rosy pink,Woody,2-3cm,"June,July"
,lagerstroemia thorellii (lagerstroemia thorelli),Lythraceae,,Occasional,Elliptic,Opposite,Simple,Reticulate,Entire,Irregular,,5-7cm,Rosy pink,Woody,2-3cm,"June,July"
,anthocephalus cadamba,Rubiaceae,http://en.wikipedia.org/wiki/Neolamarckia_cadamba,Common,Elliptic,Opposite,Simple,Reticulate,Entire,Spreading,bulged at the base.,3-5cm,Fragrant Creamish white,Round Orange,5-6cm,"July,Aug"
,euphorbia leucocephala,Euphorbiaceae,,Occasional,Lanceolate,Opposite,Simple,Reticulate,Entire,Oval,,,"Small,yellow",No,,"Jan,Feb"
,neolamarckia cadamba,Rubiaceae,http://en.wikipedia.org/wiki/Neolamarckia_cadamba,Common,Elliptic,Opposite,Simple,Reticulate,Entire,Spreading,bulged at the base.,3-5cm,Fragrant Creamish white,Round Orange,5-6cm,"July,Aug"
,olea europaea,Oleaceae,http://en.wikipedia.org/wiki/Olive,Rare,Lanceolate,Opposite,Simple,,,Spreading,"branched from base. Branches Trailing, slender.",,Green Fragrant,"Oblong, black",3cm,Dec
,punica granatum,Punicaceae,http://en.wikipedia.org/wiki/Pomegranate,Occasional,Lanceolate,Opposite,Simple,,,Irregular,,3-5cm,Red,"Globose,pink",10-15cm,"April,June"
,cinnamomum camphora,Lauraceae,http://en.wikipedia.org/wiki/Cinnamomum_camphora,Occasional,Lanceolate,Opposite,Simple,,,Irregular,,15-25cm,Yellow,"Woody,Oblong",1-2cm,Feb
,cinnamomum verum,Lauraceae,http://en.wikipedia.org/wiki/Cinnamomum_verum,Occasional,Lanceolate,Opposite,Simple,,,Irregular,"smooth, thick, fragrant.",15-25cm,Yellow,"Woody,Oblong",1-2cm,Feb
,mesua ferrea,Clusiaceae,http://en.wikipedia.org/wiki/Mesua_ferrea,Occasional,Lanceolate,Opposite,Simple,,,Trailing,,5-8cm,"Fragrant, white","Ovoid,Woody",3cm,Mar
,eucalyptus citriodora,Myrtaceae,http://en.wikipedia.org/wiki/Corymbia_citriodora,Common,Lanceolate,Opposite,Simple,,,Erect,,2-3cm,White,Conical,2-3cm,Dec
,eucalyptus globulus,Myrtaceae,http://en.wikipedia.org/wiki/Eucalyptus_globulus,Common,Lanceolate,Opposite,Simple,,,Erect,"whitish, smooth, flaky.",2-3cm,White,Conical,2-3cm,Dec
,eucalyptus tereticornis,Myrtaceae,http://en.wikipedia.org/wiki/Eucalyptus_tereticornis,Rare,Lanceolate,Opposite,Simple,,,Erect,"whitish, smooth, flaky.",1-2cm,White Fragrant,"Small, woody,round",,Dec
,acacia auriculiformis,Mimosaceae,http://en.wikipedia.org/wiki/Acacia_auriculiformis,Common,Lanceolate,Opposite,Simple,,,Irregular,,10-15cm,"Fragrant, yellow","Coiled,Twisted",5-8cm,"June,July"
,acacia mangium,Mimosaceae,http://en.wikipedia.org/wiki/Acacia_mangium,Common,Lanceolate,Opposite,Simple,,,Irregular,,10-15cm,"Fragrant, yellow","Coiled,Twisted",5-8cm,"June,July"
,alstonia macrophylla,Apocynaceae,http://en.wikipedia.org/wiki/Alstonia_macrophylla,Occasional,Lanceolate,Opposite,Simple,,,Spreading,,10-15cm,"Fragrant,white","Twisted,seeds,flattened,hairy",20-30cm,"Jan,Dec"
,alstonia scholaris,Apocynaceae,http://en.wikipedia.org/wiki/Alstonia_scholaris,Occasional,Lanceolate,Opposite,Simple,,,Globular,,1cm,"Fragrant, white",Cylindric,30-60cm,Jan
,melaleuca bracteata,Myrtaceae,,Occasional,Linear,Opposite,Simple,,,Trailing,,1cm,White,Small woody,,"July,Aug"
,melaleuca leucadendron,Myrtaceae,http://en.wikipedia.org/wiki/Melaleuca_leucadendra,Occasional,Linear,Opposite,Simple,,,Trailing,,1cm,White,Small woody,,"July,Aug"
,callistemon citrinus,Myrtaceae,http://en.wikipedia.org/wiki/Callistemon_citrinus,Common,Linear,Opposite,Simple,,,Trailing,"deeply cracked .branches slender, long drooping.",2cm,Red,Woody,5mm,"April,May"
,cascabela thevetia,Apocynaceae,,Common,Linear,Opposite,Simple,,,Spreading,"Grey,cracked.",3-5cm,"Fragrant white,yellow,orange","Yellow, Ribbed",2-3cm,"Jan,Mar,May,July,sep,Nov"
,thevetia peruviana,Apocynaceae,http://en.wikipedia.org/wiki/Thevetia_peruviana,Common,Linear,Opposite,Simple,,,Spreading,"Grey,cracked.",3-5cm,"Fragrant white,yellow,orange","Yellow, Ribbed",2-3cm,"Jan,Mar,May,July,sep,Nov"
,nerium indicum,Apocynaceae,http://en.wikipedia.org/wiki/Nerium,Common,Linear,Opposite,Simple,,,Irregular,,3cm,White to Red,Ribbed,18-20cm,"Jan,Mar,May,July,sep,Nov"
,pachypodium lamerei,Apocynaceae,http://en.wikipedia.org/wiki/Pachypodium_lamerei,Rare,Linear,Opposite,Simple,,,Erect,"cylindric,with milky juice,densely covered with long,straight spines",5-8cm,"white,Fragrant",Cylindric,15-20cm,"June,July"
,ceriscoides turgida,Rubiaceae,,Occasional,Oblong,Opposite,Simple,,,Irregular,"smooth, yellowish,branches many, armed with straight thorns.",3-5cm,White Fragrant,"Globose,grey,woody",3-5cm,June
,petrea arborea,Verbenaceae,http://en.wikipedia.org/wiki/Petrea,Rare,Oblong,Opposite,Simple,,,Irregular,,10-15cm,"Blue,White",Small,,Jan
,psidium guajava,Myrtaceae,http://en.wikipedia.org/wiki/Psidium_guajava,Common,Oblong,Opposite,Simple,,,Spreading,"pale brown,smooth flaky.",3 cm,White Fragrant,Greenish Yellow,5-8cm,April
,syzygium aromaticum,Myrtaceae,http://en.wikipedia.org/wiki/Clove,Common,Oblong,Opposite,Simple,,,Oval,,1cm,Fragrant white,"Purple,juicy",2-4cm,April
,syzygium cumini,Myrtaceae,http://en.wikipedia.org/wiki/Jambul,Common,Oblong,Opposite,Simple,,,Oval,"white ,flaky,branches terete.",1cm,Fragrant white,"Purple,juicy",2-4cm,April
,syzygium heyneanum,Myrtaceae,,Rare,Oblong,Opposite,Simple,,,Oval,,1cm,Fragrant white,"Purple,juicy",2-4cm,April
,calotropis gigantea,Ascelepiadaceae,http://en.wikipedia.org/wiki/Calotropis_gigantea,Rare,Oblong,Opposite,Simple,,,Spreading,"branches grey,with milky juice.",2-3cm,White to pink,Green,8-10cm,"Jan,Mar,May,July,sep,Nov"
,mammea suriga,Clusiaceae,http://en.wikipedia.org/wiki/Mammea_suriga,Rare,Oblong,Opposite,Simple,,,Oval,,1cm,Fragrant white,"Ovoid,Tipped",2-3cm,Mar
,cerbera manghas,Apocynaceae,http://en.wikipedia.org/wiki/Cerbera_manghas,Rare,Oblong,Opposite,Simple,,,Oval,,3-5cm,Fragrant white,Globose woody,5-10cm,June
,terminalia mantaly,Combretaceae,http://en.wikipedia.org/wiki/Terminalia_(plant),Occasional,Ovate,Opposite,Simple,,,Spreading,,,No,No,,No
,catunaregam spinosa,Rubiaceae,,Rare,Ovate,Opposite,Simple,,,Spreading,,2-3cm,Yellow fragrant,"Globose,Lobbed",3-5cm,"April,May"
,lagerstroemia indica,Lythraceae,http://en.wikipedia.org/wiki/Lagerstroemia_indica,Common,Ovate,Opposite,Simple,,,Erect,,3 cm,White or pink,"Oblong,woody",1cm,"April,May"
,clerodendrum multiflorum,Verbenaceae,http://en.wikipedia.org/wiki/Clerodendrum_multiflorum,Occasional,Ovate,Opposite,Simple,,,Globular,,,White Fragrant,Globose,,Jan
,hamelia patens,Rubiaceae,http://en.wikipedia.org/wiki/Hamelia_patens,Occasional,Ovate,Opposite,Simple,,,Irregular,,2cm,Orange,No,,"Jan,Mar,May,July,sep,Nov"
,duranta Erecta,Verbenaceae,http://en.wikipedia.org/wiki/Duranta_Erecta,Common,Ovate,Opposite,Simple,,,Irregular,,1cm,Blue,"Globose,Orange",5-8cm,"Jan,Mar,May,July,sep,Nov"
,euphorbia cotinifolia,Euphorbiaceae,http://en.wikipedia.org/wiki/Euphorbia_cotinifolia,Common,Ovate,Opposite,Simple,,,Globular,,3-5cm,"Small,yellow",No,,"Jan,Mar,May,July,sep,Nov"
,mitragyna parvifolia,Rubiaceae,http://en.wikipedia.org/wiki/Nauclea_orientalis,Occasional,Ovate,Opposite,Simple,,,Globular,"scaly,light brown.",2-3cm,Fragrant,Globose,12-16mm,"May,June"
,nyctanthes arbor-tristis,Oleaceae,http://en.wikipedia.org/wiki/Nyctanthes_arbor-tristis,Common,Ovate,Opposite,Simple,,,Irregular,"grey,rough branches.",2-3cm,"White,with orange petal","Round,flat,brown",1-2cm,"July,Aug"
,eucalyptus spp (confirm name),Myrtaceae,http://en.wikipedia.org/wiki/Eucalyptus,Occasional,Ovate,Opposite,Simple,,,Erect,"dark brown, deeply cracked.",,No,No,,No
,mussaenda erythrophylla,Rubiaceae,http://en.wikipedia.org/wiki/Mussaenda_erythrophylla,Occasional,Ovate,Opposite,Simple,,,Irregular,,10-15cm,Yellow small,No,,"Jan,Mar,May,July,sep,Nov"
,gardenia uliginosa,Rubiaceae,,Rare,Ovate,Opposite,Simple,,,Erect,,4-8cm,White Fragrant,Yellowish Brown,5-8cm,"May,Jun"
,gmelina arborea,Verbenaceae,http://en.wikipedia.org/wiki/Gmelina_arborea,Occasional,Ovate,Opposite,Simple,,,Irregular,"greyish yellow,corky.",3-5cm,Yellow,Orangish yellow,3-5cm,"March,April"
,tamilnadia uliginosa,Rubiaceae,,Rare,Ovate,Opposite,Simple,,,Erect,brown branches terminating in spines,4-8cm,White Fragrant,Yellowish Brown,5-8cm,"May,Jun"
,haldina cordifolia,Rubiaceae,http://en.wikipedia.org/wiki/Haldina,Rare,Ovate,Opposite,Simple,,,Spreading,,2-3cm,"Yellowish,Red",Globose,5-6cm,"July,Aug"
,trewia nudiflora,Euphorbiaceae,http://en.wikipedia.org/wiki/Trewia,Rare,Ovate,Opposite,Simple,,,Irregular,"smooth, light coloured.",7-19cm,Green,"Globose,woody",2-4cm,May
,clusia rosea,Clusiaceae,http://en.wikipedia.org/wiki/Clusia_major,Occasional,Ovate,Opposite,Simple,,,Oval,,3-5cm,"White,Fragrant","Red,Pulp",5-7cm,"Octo,Nov,Dec"
,gardenia latifolia,Rubiaceae,http://en.wikipedia.org/wiki/Gardenia_latifolia,Rare,Ovate,Opposite,Simple,,,Irregular,"smooth, grey, flaky.",8-10cm,"Fragrant ,solitary",Globose,3-5cm,Jun
,ficus hispida,Moraceae,http://en.wikipedia.org/wiki/Ficus_hispida,Rare,Ovate,Opposite,Simple,,,Spreading,"short, crooked,withought aerial roots.",,No,No,,"Octo,Nov,Dec"
,plumeria pudica,Apocynaceae,http://en.wikipedia.org/wiki/Plumeria_pudica,Occasional,Ovate,Opposite,Simple,,,Erect,,20-30cm,"white,Fragrant",No,,"Jan,Mar,May,July,sep,Nov"
,plumeria obtusata (plumeria obtusa),Apocynaceae,http://en.wikipedia.org/wiki/Plumeria_obtusa,Common,Ovate,Opposite,Simple,,,Spreading,,3-5cm,"Fragrant,White,Yellow ","Purplish,green",10-15cm,"Jan,Mar,May,July,sep,Nov"
,plumeria rubra,Apocynaceae,http://en.wikipedia.org/wiki/Plumeria_rubra,Common,Ovate,Opposite,Simple,,,Spreading,"greenish brown,flaky.branches cylindric,with milky juice.",3-5cm,"White,Fragrant,Yellow","Purplish,green",10-15cm,"Jan,Mar,May,July,sep,Nov"
,tectona grandis,Verbenaceae,http://en.wikipedia.org/wiki/Teak,Common,Ovate,Opposite,Uni-pinnate,,,Conical,"grey,flaky.branches quadrangular.",30-50cm,"White,Fragrant","Globose,Papery",1-2cm,"July,Jun"
,clausena indica,Rutaceae,,Rare,Ovate,Alternate,Uni-pinnate,,,Spreading,,1cm,"White,Fragrant",Orangish pink,1cm,"March,April"
,murraya koenigii,Rutaceae,https://en.wikipedia.org/wiki/Curry_tree,Common,Ovate,Alternate,Uni-pinnate,,,Irregular,grey.,5-10cm,"White,Fragrant","Globose,red",1cm,"May,Jun"
,ailanthus excelsa,Simaroubaceae,http://en.wikipedia.org/wiki/Ailanthus,Occasional,Lanceolate,Alternate,Uni-pinnate,,,Conical,,20cm,Green,Redish,4-6cm,Feb
,harpullia zanguebarica,Sapindaceae,,Rare,Elliptic,Alternate,Uni-pinnate,,,Spreading,,5-10cm,Yellow,Glossy black,3-4 cm,"April,May"
,dalbergia melanoxylon,Fabaceae,http://en.wikipedia.org/wiki/Dalbergia_melanoxylon,Occasional,Oblong,Alternate,Uni-pinnate,,,Vase shaped,"branched from base,often fusing together.branches spinous.",,"White,Fragrant",Pods,,"May,Jun"
,grevillea robusta,Proteaceae,http://en.wikipedia.org/wiki/Grevillea_robusta,Occasional,Lanceolate,Alternate,Uni-pinnate,,,Irregular,"black, furrowed.branches ascending.",2cm,Orange ,Oblong,2 cm,March
,dalbergia lanceolaria var. lanceolaria,Fabaceae,,Occasional,Oblong,Alternate,Uni-pinnate,,,Irregular,grey.,1cm,White,Pods,,Jun
,dalbergia lanceolaria var. paniculata,Fabaceae,,Common,Oblong,Alternate,Uni-pinnate,,,Irregular,greenish white. Young branches pubescent.,5-8cm,bluish white,Pods,,April
,filicium decipiens,Sapindaceae,,Occasional,Oblong,Alternate,Uni-pinnate,,,Irregular,,16-20,White,Purple,1cm,Octo
,simarouba glauca,Simaroubaceae,http://en.wikipedia.org/wiki/Simarouba_glauca,Rare,Oblong,Alternate,Uni-pinnate,,,Irregular,,20-30cm,Small green,Red,2-3cm,"March,April"
,dalbergia sissoo,Fabaceae,https://en.wikipedia.org/wiki/Dalbergia_sissoo,Common,Ovate,Alternate,Uni-pinnate,,,Globular,,5-8cm,Small Yellow,Pods,,"April,May"
,murraya paniculata,Rutaceae,https://en.wikipedia.org/wiki/Murraya_paniculata,Occasional,Ovate,Alternate,Uni-pinnate,,,Erect,smooth yellowish grey,2-4cm,White Fragrant ,Smooth red,1-2cm,"Jan,Feb,Aug,Sep"
,cassia spectabilis,Caesalpiniceae,http://en.wikipedia.org/wiki/Senna_spectabilis,Occasional,Ovate,Opposite,Uni-pinnate,,,Oval,,30-50cm,Panicals,Pods brown,,"Aug,Sep"
,dalbergia latifolia,Fabaceae,http://en.wikipedia.org/wiki/Dalbergia_latifolia,Occasional,Elliptic,Alternate,Uni-pinnate,,,Irregular,,1cm,White,Pods,,"May,Jun"
,senna alata,Caesalpiniceae,http://en.wikipedia.org/wiki/Senna_alata,Occasional,Elliptic,Alternate,Uni-pinnate,,,Oval,"grey,smooth,cracked.",30-50cm,Panicals,Pods brown,,"Aug,Sep"
,senna spectabilis,Caesalpiniceae,http://en.wikipedia.org/wiki/Senna_spectabilis,Occasional,Elliptic,Alternate,Uni-pinnate,,,Oval,,30-50cm,Panicals,Pods brown,,"Aug,Sep"
,bursera delpechiana,Burseraceae,,Rare,Elliptic,Opposite,Uni-pinnate,,,Spreading,,5-8cm,Pinkish,Globose,1cm,Jun
,bursera penicillata,Burseraceae,http://en.wikipedia.org/wiki/Bursera,Rare,Elliptic,Opposite,Uni-pinnate,,,Spreading,,5-8cm,Pinkish,Globose,1cm,Jun
,parmentiera cereifera,Bignoniaceae,http://en.wikipedia.org/wiki/Parmentiera_cereifera,Rare,Elliptic,Opposite,Uni-pinnate,,,Spreading,,5cm,"Greenish,white",Candle like,15-20cm,"Aug,Sep"
,schinus terebinthifolius,Anacardiaceae,http://en.wikipedia.org/wiki/Schinus_terebinthifolius,Rare,Elliptic,Opposite,Uni-pinnate,,,Vase shaped,,,White,Scarlet red,4mm,March
,spondias pinnata,Anacardiaceae,http://en.wikipedia.org/wiki/Spondias,Occasional,Elliptic,Opposite,Uni-pinnate,,,Conical,brown.,15-20cm,Yellowish green,Yellow,6cm,March
,heterophragma quadriloculare,Bignoniaceae,,Occasional,Elliptic,Opposite,Uni-pinnate,,,Conical,,3-5cm,Whitish yellow,Broad Pointed,20-30cm,"Feb,March"
,spathodea campanulata,Bignoniaceae,http://en.wikipedia.org/wiki/Spathodea,Common,Elliptic,Opposite,Uni-pinnate,,,Oval,,8-10cm,Redish orange,Pointed,20-25cm,"Jan,Feb"
,erythrina blakei,Fabaceae,http://en.wikipedia.org/wiki/Erythrina_%C3%97bidwillii,Rare,Elliptic,Opposite,Uni-pinnate,,,Irregular,"smooth,light brown.",3-4cm,Red,Pods,,"July,Aug"
,erythrina crista-galli,Fabaceae,http://en.wikipedia.org/wiki/Erythrina_crista-galli,Rare,Elliptic,Opposite,Uni-pinnate,,,Irregular,,3-4cm,Red,Pods,,"July,Aug"
,toona hexandra,Meliaceae,,Rare,Elliptic,Opposite,Uni-pinnate,,,Irregular,yellowish  white.,1cm,White Fragrant,Oblong,2-3cm,March
,cassia fistula,Caesalpiniceae,http://en.wikipedia.org/wiki/Cassia_fistula,Occasional,Elliptic,Opposite,Uni-pinnate,,,Spreading,dark brown.,3-5cm,Yellow,Pods smooth brown,,"Aptil,May,Jun"
,unidentified,,,Rare,Elliptic,Opposite,Uni-pinnate,,,Irregular,,,No,NO,,No
,litchi chinensis,Sapindaceae,http://en.wikipedia.org/wiki/Lychee,Rare,Elliptic,Opposite,Uni-pinnate,,,Irregular,,10-20cm,White,"Red,Rough",3-5cm,"Jan,Feb"
,nephelium chinensis,Sapindaceae,,Rare,Elliptic,Opposite,Uni-pinnate,,,Irregular,,10-20cm,White,"Red,Rough",3-5cm,"Jan,Feb"
,sambucus canadensis,Sambucaceae,http://en.wikipedia.org/wiki/Sambucus_canadensis,Occasional,Elliptic,Opposite,Uni-pinnate,,,Irregular,"brown, cracked.",15-30cm,White,Globose red,5mm,"Jan,Feb,April,May,July,Aug,Octo,Nov"
,markhamia platycalyx,Bignoniaceae,http://en.wikipedia.org/wiki/Markhamia_lutea,Occasional,Elliptic,Opposite,Uni-pinnate,,,Erect,,5cm,Yellow,Twisted Brown,30-35cm,"March,April,May"
,stereospermum colais,Bignoniaceae,http://en.wikipedia.org/wiki/Stereospermum_colais,Rare,Elliptic,Opposite,Uni-pinnate,,,Conical,,20-30cm,"Fragrant,Yellow",Brown with white,30-50cm,"May,Jun"
,stereospermum colais var. angustifolium,Bignoniaceae,,Rare,Elliptic,Opposite,Uni-pinnate,,,Conical,light grey.,20-30cm,"Fragrant,Yellow",Brown with white,30-50cm,"May,Jun"
,canarium ovatum,Burseraceae,http://en.wikipedia.org/wiki/Pili_nut,Rare,Elliptic,Opposite,Uni-pinnate,,,Irregular,,10-15cm,Small yellow,Blackish purple ,3-5cm,April
,schleichera oleosa,Sapindaceae,http://en.wikipedia.org/wiki/Schleichera,Occasional,Elliptic,Opposite,Uni-pinnate,,,Spreading,,3-5cm,Green,Ponted Prickly,,"March,April"
,haplophragma adenophyllum,Bignoniaceae,,Rare,Elliptic,Opposite,Uni-pinnate,,,Irregular,,20-30cm,Yellow,Yellowish Brown,30-50cm,"Aug,Sep,Octo"
,saraca asoca,Caesalpiniceae,http://en.wikipedia.org/wiki/Saraca_asoca,Occasional,Elliptic,Opposite,Uni-pinnate,,,Spreading,,3-5cm,Redish orange,Pods beaked,,"March ,April,July ,Aug"
,azadirachta indica,Meliaceae,http://en.wikipedia.org/wiki/Azadirachta_indica,Common,Lanceolate,Opposite,Uni-pinnate,,,Irregular,"light brown, smooth.",10-15cm,Fragrant white,Oblong yellow,2cm,"April,May"
,khaya grandifoliola,Meliaceae,http://en.wikipedia.org/wiki/Khaya_grandifoliola,Occasional,Elliptic,Opposite,Uni-pinnate,,,Oval,,,No,No,,No
,swietenia macrophylla,Meliaceae,http://en.wikipedia.org/wiki/Swietenia_macrophylla,Common,Lanceolate,Opposite,Uni-pinnate,,,Globular,,5-10cm,Yellow fragrant,Ovoid Brown,7-15cm,"April,May"
,swietenia mahagoni,Meliaceae,http://en.wikipedia.org/wiki/Swietenia_mahagoni,Common,Lanceolate,Opposite,Uni-pinnate,,,Globular,flaky.,5-10cm,Yellow fragrant,Ovoid Brown,7-15cm,"April,May"
,garuga pinnata,Burseraceae,http://en.wikipedia.org/wiki/Garuga,Rare,Lanceolate,Opposite,Uni-pinnate,,,Irregular,,10-15cm,Yellow,Black,2cm,"Feb,March"
,aegle marmelos,Rutaceae,http://en.wikipedia.org/wiki/Bael,Occasional,Lanceolate,Opposite,Uni-pinnate,,,Irregular,,2cm,Greenish red,Yellowish Orange,5-10cm,April
,tecoma gaudichaudi,Bignoniaceae,http://pt.wikipedia.org/wiki/Tecoma,Common,Lanceolate,Opposite,Uni-pinnate,,,Vase shaped,,10-15cm,Yellow,Linear,10-15cm,"Feb,March,April,May,Octo,Nov"
,tecoma stans,Bignoniaceae,http://en.wikipedia.org/wiki/Tecoma_stans,Common,Lanceolate,Opposite,Uni-pinnate,,,Vase shaped,,10-15cm,Yellow,Linear,10-15cm,"Feb,March,April,May,Octo,Nov"
,brownea coccinea,Caesalpiniceae,http://en.wikipedia.org/wiki/Brownea_coccinea,Occasional,Lanceolate,Opposite,Uni-pinnate,,,Spreading,,,Red,Pods flat woody,,"Feb,March,April"
,sapindus emarginatus,Sapindaceae,http://en.wikipedia.org/wiki/Sapindus,Occasional,Lanceolate,Opposite,Uni-pinnate,,,Irregular,,10-15cm,White,Yellowish green,2cm,"Octo,Nov"
,sapindus laurifolius,Sapindaceae,http://en.wikipedia.org/wiki/Sapindus,Occasional,Lanceolate,Opposite,Uni-pinnate,,,Irregular,,10-15cm,White,Yellowish green,2 cm,"Octo,Nov"
,amherstia nobilis,Caesalpiniceae,http://en.wikipedia.org/wiki/Amherstia,Rare,Lanceolate,Opposite,Uni-pinnate,,,Conical,grey scaly. Branches drooping.,8-10cm,Scarlate red,Brown,,"Feb,March"
,vitex altissima,Verbenaceae,http://en.wikipedia.org/wiki/Vitex,Rare,Lanceolate,Opposite,Uni-pinnate,,,Irregular,,,Blue  fragrant,Globose Purple,,Jun
,vitex negundo,Verbenaceae,http://en.wikipedia.org/wiki/Vitex_negundo,Rare,Lanceolate,Opposite,Uni-pinnate,,,Irregular,,,Blue  fragrant,Globose Purple,,Jun
,wallichia disticha,,,Common,Lanceolate,Opposite,Uni-pinnate,,,Irregular,"grey,rough.",,No,NO,,No
,tamarindus indica,Caesalpiniceae,http://en.wikipedia.org/wiki/Tamarind,Common,Oblong,Opposite,Uni-pinnate,,,Globular,"cracked, branchlets zigzag.",3-5cm,Yellowish pink,Pods,,"Feb,March"
,cassia roxburghii,Caesalpiniceae,http://species.wikimedia.org/wiki/Cassia_roxburghii,Occasional,Oblong,Opposite,Uni-pinnate,,,Globular,"grey,rough branches horizontal branches drooping.",1-2cm,Redish pink,Cylindric black,,"May,Jun"
,cassia javanica var. indochinensis,Caesalpiniceae,,Occasional,Oblong,Opposite,Uni-pinnate,,,Spreading,,,Yellowish pink,Pods smooth brown,,"May,Jun"
,cassia javanica var. javanica,Caesalpiniceae,,Occasional,Oblong,Opposite,Uni-pinnate,,,Spreading,"light brown,smooth.branches Spreading.",,Yellowish pink,Pods smooth brown,,"May,Jun"
,sesbania grandiflora,Fabaceae,http://en.wikipedia.org/wiki/Sesbania_grandiflora,Occasional,Oblong,Opposite,Uni-pinnate,,,Irregular,,5-8cm,White,Pods beacked woody,,"Octo,Nov"
,sesbania sesban,Fabaceae,http://en.wikipedia.org/wiki/Sesbania_sesban,Occasional,Oblong,Opposite,Uni-pinnate,,,Irregular,"grey, smooth.",5-8cm,White,Pods beacked woody,,"Octo,Nov"
,cassia grandis,Caesalpiniceae,http://en.wikipedia.org/wiki/Cassia_grandis,Occasional,Oblong,Opposite,Uni-pinnate,,,Spreading,"corky, rough, yellow.",2cm,Pink,Pods,,"Jan,Feb"
,chloroxylon swietenia,Meliaceae,http://en.wikipedia.org/wiki/Chloroxylon,Rare,Oblong,Opposite,Uni-pinnate,,,Irregular,Grey smooth.,10-20cm,Small white,woody,3cm,"Feb,March"
,cassia renigera,Caesalpiniceae,,Common,Oblong,Opposite,Uni-pinnate,,,Irregular,short branches Spreading.,3 cm,fragrant pink,Cylindrc black,,"May,Jun"
,cassia surattensis,Caesalpiniceae,http://en.wikipedia.org/wiki/Cassia_(legume),Common,Oblong,Opposite,Uni-pinnate,,,Oval,,10-20cm,Yellow,Pods brown,,"Feb,March,April,May.Aug,Sep,Octo,Nov"
,senna siamea,Caesalpiniceae,http://en.wikipedia.org/wiki/Senna_siamea,Common,Oblong,Opposite,Uni-pinnate,,,Oval,short branches Spreading.,10-20cm,Yellow,Pods brown,,"Feb,March,April,May.Aug,Sep,Octo,Nov"
,senna surattensis,Caesalpiniceae,,Common,Oblong,Opposite,Uni-pinnate,,,Oval,,10-20cm,Yellow,Pods brown,,"Feb,March,April,May.Aug,Sep,Octo,Nov"
,averrhoa bilimbi,Averrhoaceae,http://en.wikipedia.org/wiki/Averrhoa_bilimbi,Rare,Oblong,Opposite,Uni-pinnate,,,Irregular,"pale, corky.",1cm,Pink,Greenish Yellow,4-5cm,"March,April"
,pterocarpus marsupium,Fabaceae,http://en.wikipedia.org/wiki/Pterocarpus_marsupium,Occasional,Oblong,Opposite,Uni-pinnate,,,Oval,,1cm,Yellow,Pods woody,,"May,Jun"
,pterocarpus santalinus,Fabaceae,http://en.wikipedia.org/wiki/Pterocarpus_santalinus,Occasional,Oblong,Opposite,Uni-pinnate,,,Oval,"grey,smooth.",1cm,Yellow,Pods woody,,"May,Jun"
,castanospermum australe,Fabaceae,http://en.wikipedia.org/wiki/Castanospermum,Rare,Oblong,Opposite,Uni-pinnate,,,Irregular,,5cm,Redish yellow,Pods black,,April
,pterocarpus indicus f. echinatus,Fabaceae,http://en.wikipedia.org/wiki/Pterocarpus_indicus,Rare,Oblong,Opposite,Uni-pinnate,,,Irregular,,20-30cm,yellow,Pods woody,,"May,Jun"
,pterocarpus indicus f. indicus,Fabaceae,http://en.wikipedia.org/wiki/Pterocarpus_indicus,Rare,Oblong,Opposite,Uni-pinnate,,,Irregular,,20-30cm,yellow,Pods woody,,"May,Jun"
,khaya anthotheca,Meliaceae,https://en.wikipedia.org/wiki/Khaya_anthotheca,Common,Oblong,Opposite,Uni-pinnate,,,Globular,,5-8cm,White,Woody,5-8cm,"April,May"
,khaya senegalensis,Meliaceae,http://en.wikipedia.org/wiki/Khaya_senegalensis,Common,Oblong,Opposite,Uni-pinnate,,,Globular,,5-8cm,White,Woody,5-8cm,"April,May"
,kigelia africana,Bignoniaceae,http://en.wikipedia.org/wiki/Kigelia,Occasional,Oblong,Opposite,Uni-pinnate,,,Conical,,5-8cm,Red,Oblong woody,20cm,"Feb,March,Sep,Octo"
,kigelia pinnata,Bignoniaceae,http://en.wikipedia.org/wiki/Kigelia,Rare,Oblong,Opposite,Uni-pinnate,,,Conical,,5-8cm,Red,Oblong woody,20cm,"Feb,March,Sep,Octo"
,Amoora rohituka,Meliaceae,,Occasional,Oblong,Opposite,Uni-pinnate,,,Irregular,,20-30cm,White,Yellow,3-4 cm,"Sep,Octo"
,aphanamixis polystachya,Meliaceae,http://en.wikipedia.org/wiki/Aphanamixis_polystachya,Occasional,Oblong,Opposite,Uni-pinnate,,,Irregular,"ashy,flaky.",20-30cm,White,Yellow,3-4 cm,"Sep,Octo"
,lannea coromandelica,Anacardiaceae,http://en.wikipedia.org/wiki/Lannea,Common,Oblong,Opposite,Uni-pinnate,,,Irregular,"smooth,greenish white.",10-20cm,Red,Globose red,8mm,March
,guaiacum officinale,Zygophyllaceae,http://en.wikipedia.org/wiki/Guaiacum_officinale,Occasional,Ovate,Opposite,Uni-pinnate,,,Spreading,,2cm,Blue,Orange,3cm,"Feb,March,July Aug"
,haematoxylon campechianum,Mimosaceae,http://en.wikipedia.org/wiki/Haematoxylum_campechianum,Rare,Oblong,Opposite,Uni-pinnate,,,Irregular,,,No,No,,No
,hardwickia binata,Caesalpiniceae,http://en.wikipedia.org/wiki/Hardwickia,Rare,Ovate,Opposite,Uni-pinnate,,,Irregular,"branched from base,",5cm,Yellowish green,Pods hairy,,July
,tecoma smithii,Bignoniaceae,,Occasional,Ovate,Opposite,Uni-pinnate,,,Vase shaped,,3 cm,Yellowish orange,Linear,8-12cm,"Feb,March,april,May,Octo,Nov"
,balanites aegyptiaca,Balanitaceae,http://en.wikipedia.org/wiki/Balanites_aegyptiaca,Rare,Ovate,Opposite,Uni-pinnate,,,Irregular,,6-8cm,Greenish white,Pulp,3-5cm,April
,feronia elephantum,Rutaceae,http://en.wikipedia.org/wiki/Limonia_(plant),Occasional,Ovate,Opposite,Uni-pinnate,,,Irregular,,5-8cm,Redish green,"Globose ,grey",5-8cm,March
,limonia acidissima,Rutaceae,http://en.wikipedia.org/wiki/Limonia_(plant),Occasional,Ovate,Opposite,Uni-pinnate,,,Irregular,"papery,ash coloured,peeling off in large flakes.",5-8cm,Redish green,"Globose ,grey",5-8cm,March
,boswellia serrata,Burseraceae,http://en.wikipedia.org/wiki/Boswellia_serrata,Occasional,Ovate,Opposite,Uni-pinnate,,,Spreading,,10-15cm,"Creamish,pink",Yellow,2 cm,"Jan,Feb"
,dolichandrone falcata,Bignoniaceae,http://en.wikipedia.org/wiki/Dolichandrone_falcata,Occasional,Ovate,Opposite,Uni-pinnate,,,Irregular,,3-5cm,Fragrant white,Brown,25-40cm,May
,averrhoa carambola,Averrhoaceae,http://en.wikipedia.org/wiki/Averrhoa_carambola,Occasional,Ovate,Opposite,Uni-pinnate,,,Irregular,"grey,soft.branches slender.",5cm,Pink,Yellow,5-8cm,March
,gliricidia sepium,Fabaceae,http://en.wikipedia.org/wiki/Gliricidia_sepium,Common,Ovate,Opposite,Uni-pinnate,,,Irregular,,1-2cm,Pink,Pods flat ,,"Jan,feb"
,chukrasia tabularis,Meliaceae,,Rare,Ovate,Opposite,Uni-pinnate,,,Oval,"brown,smooth.",1-2cm,Fragrant white,Ovoid,4-6cm,March
,millettia peguensis,Fabaceae,http://en.wikipedia.org/wiki/Millettia_peguensis,Occasional,Ovate,Opposite,Uni-pinnate,,,Oval,,1-2cm,Purplish blue,Pods flat,,Feb
,crateva magna,Capparaceae,,Occasional,Ovate,Opposite,Uni-pinnate,,,Globular,,5-8cm,Fragrant white,Red Globose,5cm,March
,pongamia pinnata,Fabaceae,http://en.wikipedia.org/wiki/Millettia_pinnata,Occasional,Ovate,Opposite,Uni-pinnate,,,Trailing,"light grey,cracked.branches crooked,armed.",8-10cm,Pinkish white,Curved,,"May,Jun"
,erythrina suberosa,Fabaceae,http://en.wikipedia.org/wiki/Erythrina,Occasional,Ovate,Opposite,Uni-pinnate,,,Irregular,,3-5cm,Red,Pods brown,,March
,schrebera swietenioides,Oleaceae,,Occasional,Ovate,Opposite,Uni-pinnate,,,Oval,"grey smooth, branches covered with Conical prickles.",2-3cm,Redish white,Woody,5cm,"May,Jun"
,erythrina variegata,Fabaceae,,Occasional,Ovate,Opposite,Uni-pinnate,,,Irregular,"blackish,deeply cracked.",10-20cm,Scarlate red,Pods Cylindric,,"May,Jun"
,ougeinia oojeinensis,Fabaceae,,Occasional,Ovate,Opposite,Uni-pinnate,,,Irregular,,10-15cm,Pinkish white ,Pods long,,March
,adenanthera pavonina,Fabaceae,http://en.wikipedia.org/wiki/Adenanthera_pavonina,Occasional,Ovate,Opposite,Multi-pinnata,,,Irregular,"rough,light grey.",20cm,Fragfant white,Pods red,,April
,butea monosperma,Mimosaceae,http://en.wikipedia.org/wiki/Butea_monosperma,Occasional,Elliptic,Opposite,Uni-pinnate,,,Irregular,,3-5cm,Orange red,Pods flat,,"March,April"
,albizia lucidor (Mistake in ToP),Mimosaceae,,Rare,Elliptic,Opposite,Multi-pinnata,,,Irregular,brown.,2-3cm,Fragrant white ,Golden brown,,"May,Jun"
,calliandra haematocephala,Mimosaceae,http://en.wikipedia.org/wiki/Calliandra_haematocephala,Occasional,Elliptic,Opposite,Multi-pinnata,,,Spreading,,3-5cm,Pink,Pods flat,,"Jan,Feb,Jun,July,Aug,Sep,Octo,Nov,Dec"
,calliandra portoricensis,Mimosaceae,,Occasional,Elliptic,Opposite,Multi-pinnata,,,Spreading,,3-5cm,Pink,Pods flat,,"Jan,Feb,Jun,July,Aug,Sep,Octo,Nov,Dec"
,acrocarpus fraxinifolius,Caesalpiniceae,http://en.wikipedia.org/wiki/Acrocarpus_fraxinifolius,Occasional,Elliptic,Opposite,Multi-pinnata,,,Irregular,,10-20cm,Red,Pods,,March
,jacaranda mimosifolia,Bignoniaceae,http://en.wikipedia.org/wiki/Jacaranda_mimosifolia,Common,Elliptic,Opposite,Multi-pinnata,,,Irregular,,3 cm,Blue,Round woody,5cm,"March,April,May"
,acacia planifrons,Mimosaceae,http://en.wikipedia.org/wiki/Vallanadu_Wildlife_Sanctuary,Rare,Oblong,Opposite,Multi-pinnata,,,Spreading,,1-2cm,White,Pods Cylindric,,"Jun,July"
,dichrostachys cinera,Mimosaceae,http://en.wikipedia.org/wiki/Dichrostachys_cinerea,Occasional,Oblong,Opposite,Multi-pinnata,,,Irregular,,3-4cm,Fragrant,Brown,,"April,May,Jun,July"
,acacia catechu,Mimosaceae,http://en.wikipedia.org/wiki/Acacia_catechu,Common,Oblong,Opposite,Multi-pinnata,,,Irregular,,10-15cm,Spikes,Pods brown,,"July,Aug"
,acacia chundra,Mimosaceae,http://en.wikipedia.org/wiki/Acacia_chundra,Common,Oblong,Opposite,Multi-pinnata,,,Irregular,"brown, thin,fissured.branches  pendulous,slender",10-15cm,Spikes,Pods brown,,"July,Aug"
,parkinsonia aculeata,Caesalpiniceae,http://en.wikipedia.org/wiki/Parkinsonia_aculeata,Occasional,Oblong,Opposite,Multi-pinnata,,,Spreading,,2cm,Fragrant yellow,Cylindric,,"Jun,July"
,acacia eburnea,Mimosaceae,http://en.wikipedia.org/wiki/Acacia_karroo,Occasional,Oblong,Opposite,Multi-pinnata,,,Trailing,,1cm,Fragrant yellow,pods brown,,"March,April"
,acacia farnesiana,Mimosaceae,http://en.wikipedia.org/wiki/Vachellia_farnesiana,Occasional,Oblong,Opposite,Multi-pinnata,,,Trailing,yellowish.,1cm,Fragrant yellow,pods brown,,"March,April"
,acacia leucophloea,Mimosaceae,http://en.wikipedia.org/wiki/Acacia_leucophloea,Common,Oblong,Opposite,Multi-pinnata,,,Spreading,brown cracked.,10-15cm,Greenish white,pods flat brown,,"Sep,Octo"
,acacia nilotica,Mimosaceae,http://en.wikipedia.org/wiki/Acacia_nilotica,Common,Oblong,Opposite,Multi-pinnata,,,Spreading,,1-1.5cm,Yellow,Pods tomantose,,"july,Aug"
,acacia nilotica var. cupressiformis,Mimosaceae,,Occasional,Oblong,Opposite,Multi-pinnata,,,Spreading,,1-1.5cm,Yellow,Pods tomantose,,"july,Aug"
,caesalpinia coriaria,Caesalpiniceae,http://en.wikipedia.org/wiki/Caesalpinia_coriaria,Occasional,Oblong,Opposite,Multi-pinnata,,,Irregular,"rough, rusty.branches spinous.",5-8cm,Fragrant yellow,Pods twisted,,"Sep,Octo"
,acacia ferruginea (Mistake in ToP),Mimosaceae,,Occasional,Oblong,Opposite,Multi-pinnata,,,Irregular,,8-10cm,Yellow,Brown,,March
,albizia amara,Mimosaceae,http://en.wikipedia.org/wiki/Albizia,Occasional,Oblong,Opposite,Multi-pinnata,,,Spreading,branches prickly.,1cm,Fragrant yellow,pods flat pointed,,May
,caesalpinia pulcherrima,Caesalpiniceae,http://en.wikipedia.org/wiki/Caesalpinia_pulcherrima,Common,Oblong,Opposite,Multi-pinnata,,,Irregular,"raddish brown,flaky.branches with yellow juice.",2cm,Yellow orange,Woody,,"March,April,May ,Jun,July "
,colvillea racemosa,Caesalpiniceae,http://en.wikipedia.org/wiki/Colvillea_racemosa,Occasional,Oblong,Opposite,Multi-pinnata,,,Irregular,grey rough.branches horizontal.,15-25cm,Orange,Brown,,Octo
,delonix regia,Caesalpiniceae,http://en.wikipedia.org/wiki/Delonix_regia,Common,Oblong,Opposite,Multi-pinnata,,,Spreading,brown.,5-8cm,Scarlet red,Woody black,,"April,May,Jun"
,leucaena latisiliqua,Mimosaceae,http://en.wikipedia.org/wiki/Leucaena,Common,Oblong,Opposite,Multi-pinnata,,,Oval,"brown,smooth,scaly.branches drooping.",2-3cm,White,Brown,,"Aug,Sep"
,parkia biglandulosa,Mimosaceae,http://en.wikipedia.org/wiki/Parkia,Occasional,Oblong,Opposite,Multi-pinnata,,,Oval,,15-20cm,White,Pods flat,,Dec
,prosopis cineraria,Mimosaceae,http://en.wikipedia.org/wiki/Prosopis_cineraria,Rare,Oblong,Opposite,Multi-pinnata,,,Globular,,10-15cm,Fragrant yellow,Pods flat,,Sep
,prosopis juliflora,Mimosaceae,http://en.wikipedia.org/wiki/Prosopis_juliflora,Common,Oblong,Opposite,Multi-pinnata,,,Globular,,10-15cm,Fragrant yellow,Pods flat,,Sep
,albizia odoratissima,Mimosaceae,http://en.wikipedia.org/wiki/Albizia_odoratissima,Rare,Oblong,Opposite,Multi-pinnata,,,Irregular,,2-3cm,Fragrant ,Brown,,May
,peltophorum africanum,Caesalpiniceae,http://en.wikipedia.org/wiki/Peltophorum,Rare,Oblong,Opposite,Multi-pinnata,,,Irregular,"grey, corky.",3 cm,Fragrant yellow,Woody ,,"Feb,March,April,July,Aug"
,peltophorum pterocarpum,Caesalpiniceae,http://en.wikipedia.org/wiki/Peltophorum_pterocarpum,Common,Oblong,Opposite,Multi-pinnata,,,Irregular,"rough,grey.",3 cm,Fragrant yellow,Woody ,,"Feb,March,April,July,Aug"
,albizia lebbeck,Mimosaceae,,Occasional,Oblong,Opposite,Multi-pinnata,,,Irregular,greenish yellow.,3-5cm,Greenish white,Orange yellow,,March
,albizia procera,Mimosaceae,,Occasional,Oblong,Opposite,Multi-pinnata,,,Irregular,"many smooth,yellowish,fusing together.",2cm,Flowered head,Orenge brown,,March
,caesalpinia ferrea,Caesalpiniceae,http://en.wikipedia.org/wiki/Caesalpinia_ferrea,Occasional,Oblong,Opposite,Multi-pinnata,,,Spreading,corky.,1cm,Fragrant yellow,Beaked Woody,,Sep
,moringa oleifera,Moringaceae,http://en.wikipedia.org/wiki/Moringa_oleifera,Common,Oblong,Opposite,Multi-pinnata,,,Irregular,grey fissured. Branches with paired spines 1.5cm.,2cm,White,Cylindrcal Ribbed,30-50cm,Feb
,pithecellobium dulce,Mimosaceae,http://en.wikipedia.org/wiki/Pithecellobium_dulce,Occasional,Ovate,Opposite,Multi-pinnata,,,Trailing,,1cm,Greenish,Pods red,,Jan
,samanea saman (Albizia saman),Mimosaceae,http://en.wikipedia.org/wiki/Samanea_saman,Common,Ovate,Opposite,Multi-pinnata,,,Spreading,,3-5cm,Pink,Brown,,March
,melia azedarach,Meliaceae,http://en.wikipedia.org/wiki/Melia_azedarach,Occasional,Ovate,Opposite,Multi-pinnata,,,Irregular,,10-15cm,Blue,Green,,April
,melia dubia,Meliaceae,http://en.wikipedia.org/wiki/Melia_dubia,Occasional,Ovate,Opposite,Multi-pinnata,,,Irregular,"cracked,thick.",10-15cm,Blue,Green,,April
,millingtonia hortensis,Bignoniaceae,http://en.wikipedia.org/wiki/Millingtonia,Common,Ovate,Opposite,Multi-pinnata,,,Erect,"soft,light brown.",5-10cm,White Fragrant ,Flat,30cm,Octo
,oroxylum indicum,Bignoniaceae,http://en.wikipedia.org/wiki/Oroxylum_indicum,Rare,Ovate,Opposite,Multi-pinnata,,,Erect,"light grey,soft,scaly.",8-12cm,Pinkish White ,Woody,1m,July
,radermachera xylocarpa,Bignoniaceae,http://en.wikipedia.org/wiki/Radermachera_xylocarpa,Rare,Ovate,Opposite,Multi-pinnata,,,Globular,"enormously broad at base, tapering above.",5cm,Fragrant White,Woody,50-80cm,"March,April"
,adansonia digitata,Bombacaceae,http://en.wikipedia.org/wiki/Adansonia_digitata,Occasional,Elliptic,,Digitate,,,Spreading,,10-12cm,White,Cylindric,15-20cm,"Jun,July"
,joannesia princeps,Euphorbiaceae,https://en.wikipedia.org/wiki/Joannesia_princeps,Rare,Elliptic,,Digitate,,,Oval,"green, prickly. Branches horizontal,whorled.",10-20cm,Yellow,Brown,8-12cm,"March,April"
,ceiba pentandra,Bombacaceae,http://en.wikipedia.org/wiki/Ceiba_pentandra,Common,Elliptic,,Digitate,,,Conical,greenish with Conical prickles.,4-5cm,Solitary,Silky Cotton,20cm,March
,ceiba speciosa,Bombacaceae,http://en.wikipedia.org/wiki/Ceiba_speciosa,Occasional,Elliptic,,Digitate,,,Conical,greenish with Conical prickles.,8-10cm,Pink,Ovoid,10-15cm,July Aug
,chorisia speciosa,Bombacaceae,http://en.wikipedia.org/wiki/Ceiba_speciosa,Occasional,Elliptic,,Digitate,,,Globular,white.,8-10cm,Pink,Ovoid,10-15cm,July Aug
,brassaia actinophylla,Araliaceae,http://en.wikipedia.org/wiki/Schefflera_actinophylla,Occasional,Elliptic,,Digitate,,,Oval,white,30-40cm,Red,Round black,1cm,"March,April"
,schefflera actinophylla,Araliaceae,http://en.wikipedia.org/wiki/Schefflera_actinophylla,Occasional,Elliptic,,Digitate,,,Oval,"greenish,smooth",30-40cm,Red,Round black,1cm,"March,April"
,pseudobombax ellipticum,Bombacaceae,http://en.wikipedia.org/wiki/Pseudobombax_ellipticum,Rare,Elliptic,,Digitate,,,Irregular,grey flaky branches whorled.,15-25cm,Pink,Brown,15cm,"March,April"
,sterculia foetida,Sterculiaceae,http://en.wikipedia.org/wiki/Sterculia,Occasional,Elliptic,,Digitate,,,Oval,,2cm,Pink,Woody,10-15cm,"Feb,March"
,sterculia guttata,Sterculiaceae,http://en.wikipedia.org/wiki/Sterculia_guttata,Rare,Elliptic,,Digitate,,,Oval,"dark brown,deeply cracked.",2cm,Pink,Woody,10-15cm,"Feb,March"
,tabebuia sp.,Bignoniaceae,http://en.wikipedia.org/wiki/Tabebuia,Rare,Elliptic,,Digitate,,,Oval,branches prickly.,,Pinkish white,No,,"Feb,March,April,Sep,Oct,Nov"
,bombax ceiba,Bombacaceae,http://en.wikipedia.org/wiki/Bombax_ceiba,Common,Elliptic,,Digitate,,,Globular,grey rough branches whorled.,8-12cm,Pink,Silky Cotton,10-15cm,March.April
,tabebuia rosea,Bignoniaceae,http://en.wikipedia.org/wiki/Tabebuia_rosea,Occasional,Elliptic,,Digitate,,,Irregular,"grey ,thick,corky,deeply cracked.",5-8cm,Pink,Linear,10-15cm,"Feb,March"
,tabebuia argentea,Bignoniaceae,http://en.wikipedia.org/wiki/Tabebuia_aurea,Occasional,Elliptic,,Digitate,,,Irregular,,15cm,Golden Yellow,Brown,10cm,"March,April"
,tabebuia pallida,Bignoniaceae,http://en.wikipedia.org/wiki/Tabebuia,Occasional,Oblong,,Digitate,,,Oval,,10-15cm,Purple,No,,"Jan,feb,March,April,May,Octo,Nov,Dec"
,tabebuia avellanedae,Bignoniaceae,http://en.wikipedia.org/wiki/Tabebuia_impetiginosa,Occasional,Ovate,,Digitate,,,Vase shaped,,5-8cm,Purple,Linear winged,10-15cm,"Feb,March"
,tabebuia chrysantha,Bignoniaceae,http://en.wikipedia.org/wiki/Tabebuia_chrysantha,Rare,Ovate,,Digitate,,,Irregular,white rough.,5-8cm,Golden Yellow,Brown,10-15cm,"Feb,March"
,tabebuia chrysotricha,Bignoniaceae,http://en.wikipedia.org/wiki/Tabebuia_chrysotricha,Rare,Ovate,,Digitate,,,Irregular,single 10-20cm dia smooth with shallow rings of leaf bases grey.,5-8cm,Golden Yellow,Brown,10-15cm,"Feb,March"
,adonidia merrillii,,http://en.wikipedia.org/wiki/Adonidia,Rare,,,,,,,single 10-20cm dia smooth with shallow rings of leaf bases grey.,,Greenish white,Red,3cm,No
,veitchia merrillii,,,Rare,,,,,,,"single,slender,10-20cm dia smooth. With raised inclined rings of leaf bases green.",,Greenish white,Red,3cm,No
,areca catechu,,http://en.wikipedia.org/wiki/Areca_catechu,Occasional,,,,,,,"single, slender,15-20cm dia smooth with shallow rings of leaf bases,grey.",,No,orange,3-5cm,No
,carpentaria accuminata,,http://en.wikipedia.org/wiki/Carpentaria,Rare,,,,,,,,,Creamish,Red,3cm,No
,caryota mitis,,http://en.wikipedia.org/wiki/Caryota,Occasional,,,,,,,"single, slender,30-50cm dia smooth with shallow rings of leaf bases,grey.",1-3m,"Red,Green",Black,2cm,No
,caryota urens,,http://en.wikipedia.org/wiki/Caryota_urens,Rare,,,,,,,,1-3m,"Red,Green",Black,2cm,No
,caryota rumphiana,,http://en.wikipedia.org/wiki/Caryota_rumphiana,Rare,,,,,,,"single,15-25cm dia,smooth with bulging base,covered with rings.",1-3m,"Red,Green",Black,2cm,No
,chambeyronia macrocarpa,,http://en.wikipedia.org/wiki/Chambeyronia_macrocarpa,Occasional,,,,,,,"single 25-30cm dia, grey, covered with rings and minute tubercles.crown shaft1-1.5m,whitish green.",,No,No,,No
,dictyosperma album,,http://en.wikipedia.org/wiki/Dictyosperma,Occasional,,,,,,,"single,40-60cm dia, with rings of leaf bases,triangular, long,grey",,Green,Globular green,,No
,dypsis decaryi,,http://en.wikipedia.org/wiki/Dypsis_decaryi,Rare,,,,,,,"single,40-60cm dia, with rings of leaf bases,triangular, long,grey",50cm,Yellow,Pale Green,2cm,No
,Neodypsis decaryi,,http://en.wikipedia.org/wiki/Dypsis_decaryi,Rare,,,,,,,"single, 15-20cm dia,smooth with close, inclined,deep rings of leaf bases, blackish grey.",50cm,Yellow,Pale Green,2cm,No
,dypsis leptocheilos,,,Rare,,,,,,,"single, 15-20cm dia,smooth with close, inclined,deep rings of leaf bases, blackish grey.",,green,White,2-3cm,No
,howea forsteriana,,http://en.wikipedia.org/wiki/Howea_forsteriana,Rare,,,,,,,"single,50-80cm dia, bottle shaped,with close rings of leaf bases grey.",,No,Red,1cm,No
,hyophorbe lagenicaulis,,http://en.wikipedia.org/wiki/Hyophorbe_lagenicaulis,Occasional,,,,,,,,,No,Grey brown,1cm,No
,hyophorbe verschaffeltii,,http://en.wikipedia.org/wiki/Hyophorbe_verschaffeltii,Rare,,,,,,,"single,15-20cm dia,covered with rings, spinous.",,No,Grey brown,1cm,No
,phoenicophorium borsigianum,,http://en.wikipedia.org/wiki/Phoenicophorium,Rare,,,,,,,"single, stout, tapering at apex,30-50cm,smooth with shallow rings grey",,No,Ovoid Orange,1cm,No
,ravenea rivularis,,http://en.wikipedia.org/wiki/Ravenea_rivularis,Occasional,,,,,,,,1-3m,"Red,Green",Black,2 cm,No
,roystonea oleracea,,http://en.wikipedia.org/wiki/Roystonea_oleracea,Occasional,,,,,,,"single,40-60cm diabulging into a bbottle shape, smooth with shallow rings of leaf bases,greyish white.",,No,Globose Black,1cm,No
,roystonea regia,,http://en.wikipedia.org/wiki/Roystonea_regia,Common,,,,,,,"single,slender,30-50cm dia,smooth with rings of leaf bases grey.",,No,Globose Black,1cm,No
,veitchia arecina,,,Rare,,,,,,,"single,30-40cm dia,smooth with shallow,close rings of leaf bases ,grey.",,No,Red,3cm,No
,wodyetia bifurcata,,http://en.wikipedia.org/wiki/Wodyetia,Occasional,,,,,,,"clustered,bamboo like5-10cm dia smooth with distant rings of leaf bases greenish grey.",,No,Red,3cm,No
,chrysalidocarpus renda,,http://en.wikipedia.org/wiki/Dypsis_lutescens,Common,,,,,,,"Clustered,10-15cm dia, smooth with shallow rings of leaf bases",,No,Black,,No
,dypsis lutescens,,http://en.wikipedia.org/wiki/Dypsis_lutescens,Common,,,,,,,"Clustered,10-15cm dia, smooth with shallow rings of leaf bases",30-50cm,Yellow,Yellow,1cm,No
,dypsis madagascariensis,,http://en.wikipedia.org/wiki/Dypsis_madagascariensis,Common,,,,,,,"Clustered,5-8 cm dia, smooth with shallow distant rigs of leaf bases galu cous green",30-50cm,Yellow,Yellow,1cm,No
,cyrtostachys renda,,http://en.wikipedia.org/wiki/Red_palm,Rare,,,,,,,"Clustered,5-8 cm dia, smooth with shallow distant rigs of leaf bases galu cous green",,No,Black,,No
,ptychosperma elegans,,http://en.wikipedia.org/wiki/Ptychosperma_elegans,Rare,,,,,,,"Clustered,5-8 cm dia, smooth with shallow distant rigs of leaf bases galu cous green",,No,Bright Yellow,2 cm,No
,ptychosperma macarthurii,,http://en.wikipedia.org/wiki/Ptychosperma_macarthurii,Occasional,,,,,,,"single,slender,45 cm dia,covered with rings",,No,Bright Yellow,2cm,No
,aiphanes erosa,,http://en.wikipedia.org/wiki/Aiphanes_erosa,Rare,,,,,,,"Singal,50-60 cm dia, smooth with rights  of leaf bases",,No,No,,No
,attalea cohune,,http://en.wikipedia.org/wiki/Attalea_cohune,Rare,,,,,,,"singal,stout,30-50 cm dia, light brown,covered with persistent pertioles",,No,Orange,3-4 cm,No
,butia capitata,,http://en.wikipedia.org/wiki/Butia_capitata,Rare,,,,,,,"Singal,30-40 cm dia,covred with rings",,Orangish Yellow,Orange,3cm,No
,cocos nucifera,,,Common,,,,,,,"singal,stout,45 cm dia,covered with persistent petioles",,Yellow,Greenish Yellow,20-30cm,No
,elaeis guineensis,,http://en.wikipedia.org/wiki/Oil_palm,Occasional,,,,,,,"Singal,60-90 cm dia ,covered with rings",,No,"Rough,Woody",3-4 cm,No
,phoenix canariensis,,http://en.wikipedia.org/wiki/Phoenix_canariensis,Rare,,,,,,,"singal, stout,60-90 cm dia, covered with persistent petioles,",,Yellow,Orange,1cm,No
,phoenix robusta,,http://en.wikipedia.org/wiki/Phoenix_(plant),Rare,,,,,,,"Single , 5-10 cm dia covered with persistent petioles",,Yellow,Orange,2cm,No
,phoenix roebelenii,,http://en.wikipedia.org/wiki/Phoenix_roebelenii,Rare,,,,,,,"Single,15-25cm dia,covered with persistent petiole",,No,Brown black,,No
,phoenix rupicola,,http://en.wikipedia.org/wiki/Phoenix_rupicola,Rare,,,,,,,,,No,Orange,3cm,No
,phoenix dactylifera,,http://en.wikipedia.org/wiki/Phoenix_dactylifera,Rare,,,,,,,"Single,60-90 cm dia, covered with persistent petiols.Crown shaft absent.",,Yellow,Orange,1cm,No
,phoenix sylvestris,,http://en.wikipedia.org/wiki/Phoenix_sylvestris,Common,,,,,,,"single,brown,45cm dia, covered with persistant,bracket like leaf bases.",,Yellow,Orange,1cm,No
,syagrus coronata,,http://en.wikipedia.org/wiki/Syagrus_coronata,Rare,,,,,,,"single,slender,30-45cm dia,covered with rings.",,Rough woody ,Orange,2-3cm,No
,syagrus romanzoffiana,,http://en.wikipedia.org/wiki/Syagrus_romanzoffiana,Rare,,,,,,,,50-80cm,Rough woody ,Coconut like,3-4 cm,No
,syagrus sancona,,,Rare,,,,,,,,50-80cm,Rough woody ,Coconut like,3-4 cm,No
,Arecastrum romanzoffianum,,,Rare,,,,,,,"single,45cm,covered with persistant persistant petioles,netted",50-80cm,Rough woody ,Coconut like,3-4 cm,No
,wallichia disticha,,,Rare,,,,,,,"clustered,20cm dia, rough,covered with persistant petioles.",,No,Dull red,2-3cm,No
,arenga engleri,,,Rare,,,,,,,"clustered,3-5cm dia,smooth,with shallow distant rings.",1cm,Orangish Yellow,Purple,2cm,No
,chamaedorea seifrizii,,http://en.wikipedia.org/wiki/Chamaedorea,Rare,,,,,,,"single,30-40cm dia,covered with persistant petioles.",,Yellow,Black,1cm,No
,brahea armata,,http://en.wikipedia.org/wiki/Brahea_armata,Rare,,,,,,,"single,slender,15-20cm dia covered with persistant petioles,netted.",3-5cm,Creamish,Brown,1-3cm,No
,coccothrinax argentata,,http://en.wikipedia.org/wiki/Coccothrinax_argentata,Occasional,,,,,,,"single,25-30cm dia,smooth,covered with rings.",,White,Brownish black,1cm,No
,copernicia prunifera,,,Rare,,,,,,,"single,60-75cm,covered with persistant petioles when young and with black scars.",,No,Greyish green,1-2cm,No
,corypha umbraculifera,,http://en.wikipedia.org/wiki/Corypha_umbraculifera,Rare,,,,,,,"single, 25-30cm dia.",6m,Creamish,Greyish green,1-2cm,No
,latania loddigesii,,http://en.wikipedia.org/wiki/Latanier_De_Niaurice,Rare,,,,,,,"single,25-30cm dia,grey,smooth.",2m,No,Brown,3-4 cm,No
,latania lontaroides,,http://en.wikipedia.org/wiki/Latania_lontaroides,Occasional,,,,,,,"single,20-30cm dia,dark brown,smooth,covered with rings.",,No,Brownish grey,3-4 cm,No
,latania verschaffeltii,,http://en.wikipedia.org/wiki/Latania_verschaffeltii,Rare,,,,,,,"single,25-10cm dia covered with persistant petioles.",,No,Globose Brown,2-3cm,No
,licuala grandis,,http://en.wikipedia.org/wiki/Licuala_grandis,Occasional,,,,,,,,,No,Globose red,1cm,No
,licuala spinosa,,http://en.wikipedia.org/wiki/Licuala_spinosa,Rare,,,,,,,"single,30-45cm dia,rough,ringed,covered with persistant petioles,netted.",,No,Globose red,1cm,No
,livistona chinensis,,http://en.wikipedia.org/wiki/Livistona_chinensis,Occasional,,,,,,,"single30-45cm dia,smooth,civered with rings of fallen leaf bases,greyish green,shining.",,No,Greyish green,1-2cm,No
,livistona rotundifolia,,http://en.wikipedia.org/wiki/Livistona_rotundifolia,Occasional,,,,,,,"single,30-40cm,covered with persistant petioles,netted.",,No,Globose orange,2-4cm,No
,pritchardia pacifica,,http://en.wikipedia.org/wiki/Pritchardia_pacifica,Occasional,,,,,,,"single,slender,15-20cm dia,smooth,covered with rings of fallen leaf bases.",,No,Dark Brown,1cm,No
,thrinax parviflora,,http://en.wikipedia.org/wiki/Thrinax,Occasional,,,,,,,,,Creamish,Globose white,6-7mm,No
,washingtonia robusta,,http://en.wikipedia.org/wiki/Washingtonia_robusta,Rare,,,,,,,"single,slender,75-90cm dia,smooth,covered with rings",,No,Yellowish Brown,1cm,No
,washingtonia filifera,,http://en.wikipedia.org/wiki/Washingtonia_filifera,Occasional,,,,,,,"clustered,10-15cm dia,brown,covered with persistant petioles netted.",,No,Yellowish Brown,1cm,No
,acoelorrhaphe wrightii,,http://en.wikipedia.org/wiki/Acoelorrhaphe,Rare,,,,,,,"clustered,45-60cm dia,covered with persistant petioles,netted",,No,Globose orange,1cm,No
,chamaerops humilis,,http://en.wikipedia.org/wiki/Chamaerops,Rare,,,,,,,"single,30-45cm dia,rough with close rings of fallen leaf bases, grey.",,No,No,,No
,bismarckia nobilis,,http://en.wikipedia.org/wiki/Bismarckia,Occasional,,,,,,,"single,60-75cm dia,rough,greyish black,covered with persistant split petioles.",,No,Blackish Brown,3cm,No
,borassus flabellifer,,http://en.wikipedia.org/wiki/Borassus_flabellifer,Occasional,,,,,,,"single, often branched,60-80cm, dia, covered with persistant petioles when young and with black scars.",,No,Ovoid black,10-15cm,No
,hyphaene dichotoma,,http://en.wikipedia.org/wiki/Hyphaene_dichotoma,Occasional,,,,,,,,,No,Brown,5-10cm,No
,sabal causiarum,,http://en.wikipedia.org/wiki/Sabal_causiarum,Occasional,,,,,,,"single,45-60cm,bulging at base, rings absent,covered with persistant petioles.",,No,Globose black,8-14cm,No
,sabal palmetto,,http://en.wikipedia.org/wiki/Sabal_palmetto,Rare,,,,,,,"single,slender,15-20cm,dia,grey brown,covered with rings of fallen leaf bases.",,No,Globose black,8-14cm,No
,sabal mauritiiformis,,http://en.wikipedia.org/wiki/Sabal_mauritiiformis,Rare,,,,,,,"light brown,furrowed,branches in clusters at the end of branches.",,No,Globose black,1cm,No
,callitris glaucophylla,Cupressaceae,http://en.wikipedia.org/wiki/Callitris_glaucophylla,Rare,,,,,,Irregular,"thick,resinous,deeply cracked,forming large rhomboidal plates.",,No,No,,No
,pinus longifolia,Pinaceae,http://en.wikipedia.org/wiki/Pinus_longifolia,Rare,,,,,,Conical,"thick,resinous,deeply cracked,forming large rhomboidal plates",,No,No,,No
,pinus roxburghii,Pinaceae,http://en.wikipedia.org/wiki/Chir_Pine,Rare,,,,,,Conical,"dark brown,flaky.branches multi planer.",,No,No,,No
,cupressus glabra,Cupressaceae,http://en.wikipedia.org/wiki/Cupressus_glabra,Rare,,,,,,,greyish brown with vertical cracks.,,No,No,,No
,cupressus sempervirens,Cupressaceae,http://en.wikipedia.org/wiki/Cupressus_sempervirens,Rare,,,,,,,dark brown with vertical cracks.branches coplanar.,,No,No,,No
,cupressus torulosa,Cupressaceae,http://en.wikipedia.org/wiki/Cupressus_torulosa,Occasional,,,,,,,"brown,peeling off.branches many,ascending.",,No,No,,No
,juniperus chinensis,Cupressaceae,http://en.wikipedia.org/wiki/Juniperus_chinensis,Occasional,,,,,,,"brown,flacky.branches slender,drooping.",,No,No,,No
,afrocarpus gracilior,Podocarpaceae,http://en.wikipedia.org/wiki/Afrocarpus_gracilior,Common,,,,,,,"brown,flacky.branches slender,drooping.",,No,No,,No
,podocarpus gracilior,Podocarpaceae,http://en.wikipedia.org/wiki/Podocarpus_gracilior,Occasional,,,,,,,"reddish brown,flaky.",,No,No,,No
,Platycladus orientalis,Cupressaceae,http://en.wikipedia.org/wiki/Platycladus,Common,,,,,,,,,No,No,,No
,thuja orientalis (Platycladus orientalis),Cupressaceae,http://en.wikipedia.org/wiki/Thuja_orientalis,Common,,,,,,,"light brown.branches in whorls,with swollen nodes.",,No,No,,No
,agathis robusta,Araucariaceae,http://en.wikipedia.org/wiki/Agathis_robusta,Rare,,,,,,,"brown,furrowed.branches in whorls,horizontal;branches drooping.",,No,No,,No
,araucaria bidwillii,Araucariaceae,http://en.wikipedia.org/wiki/Araucaria_bidwillii,Rare,,,,,,,"light brown,flaky.branches in whorls,horizontal;branches lax,tips not in level.",,No,No,,No
,araucaria columnaris,Araucariaceae,http://en.wikipedia.org/wiki/Araucaria_columnaris,Occasional,,,,,,,"brown, furrowed.branches in whorls at long intervals,horizontal.branches divided into several lax branches at tip.",,No,No,,No
,araucaria cunninghamii,Araucariaceae,http://en.wikipedia.org/wiki/Araucaria_cunninghamii,Rare,,,,,,,"brown,furrowed.branches in whorls,horizontal;branchlets dense, tips in level.",,No,No,,No
,araucaria heterophylla,Araucariaceae,http://en.wikipedia.org/wiki/Araucaria_heterophylla,Occasional,,,,,,,"light brown,flaky. Branches whorled,horizontal.",,No,No,,No
,araucaria hunsteinii,Araucariaceae,http://en.wikipedia.org/wiki/Araucaria_hunsteinii,Rare,,,,,,,"brown,flaky.branches slender,drooping.",,No,No,,No
,podocarpus neriifolius,Podocarpaceae,http://en.wikipedia.org/wiki/Podocarpus_neriifolius,Common,,,,,,,"brown, furrowed,branchlets slender,drooping.",,No,No,,No
,taxodium distichum,Taxodiaceae,http://en.wikipedia.org/wiki/Taxodium_distichum,Rare,,,,,,,"20-30cm,often branched.",,No,No,,No
,cycas circinalis,,http://en.wikipedia.org/wiki/Cycas_circinalis,Occasional,,,,,,,"15-20cm,rarely branched",,No,No,,No
,cycas pectinata,,http://en.wikipedia.org/wiki/Cycas_pectinata,Rare,,,,,,,"20-50cm,rarely branched",,No,No,,No
,cycas revoluta,,http://en.wikipedia.org/wiki/Cycas_revoluta,Common,,,,,,,"10-25cm,rarely branched",,No,No,,No
,cycas rumphii,,http://en.wikipedia.org/wiki/Cycas_rumphii,Occasional,,,,,,,"20-45cm,unbranched",,No,No,,No
,cycas thouarsii,,http://en.wikipedia.org/wiki/Cycas_thouarsii,Rare,,,,,,,"30-40cm,unbranched",,No,No,,No
,cycas zeylanica,,http://en.wikipedia.org/wiki/Cycadaceae,Rare,,,,,,,"hollow,green, dia 10-15cm; internodes upto45cm branches horizontal,armed at nodes with stout spines.",,No,No,,No
,bambusa arundinacea,,http://en.wikipedia.org/wiki/Bambusa,Occasional,,,,,,,"hollow, blackish green,bulging at nodes, dia10-15cm; internodes upto 25cm. Branches unarmed.",,No,No,,No
,bambusa ventricosa,,http://en.wikipedia.org/wiki/Bambusa_ventricosa,Occasional,,,,,,,"hollow, golden yellow with broad green strips, dia 5-10cm; internodes upto 30cm,covered with broad triangular sheaths. Branches horizontal,unarmed.",,No,No,,No
,bambusa vulgaris,,http://en.wikipedia.org/wiki/Dendrocalamus,Common,,,,,,,"hollow, green, dia 15-25cm; internodes upto 60cm. Branches horizontal ,unarmed,few at nodes.",,No,No,,No
,dendrocalamus giganteus,,http://en.wikipedia.org/wiki/Dendrocalamus,Rare,,,,,,,"solid,glaucous green, swollen at nodes, dia 3-8cm; branches unarmed, terminal branches decurved.",,No,No,,No
,dendrocalamus strictus,,,Occasional,,,,,,,"solid, green, dia 3-5cm; internodes upto 40cm. Branches horizontal, unarmed.",,No,No,,No
,schizostachyum lumampao,,,Rare,,,,,,,,,No,No,,No
,stereospermum chelonoides,,,,,,,,,,,,No,No,,No
,vateria indica,,http://en.wikipedia.org/wiki/Vateria_indica,,,,,,,,,,No,No,,No
,bischofia javanica,,http://en.wikipedia.org/wiki/Bischofia_javanica,,,,,,,,,,No,No,,No
,excoecaria agallocha,,http://en.wikipedia.org/wiki/Excoecaria,,,,,,,,,,No,No,,No
,kandelia candel,,http://en.wikipedia.org/wiki/Kandelia_candel,,,,,,,,,,No,No,,No
,rhizophora mucronata,,http://en.wikipedia.org/wiki/Rhizophora_mucronata,,,,,,,,,,No,No,,No
,canarium strictum,,http://en.wikipedia.org/wiki/Canarium,,,,,,,,,,No,No,,No
,xylocarpus granatum,,http://en.wikipedia.org/wiki/Xylocarpus_granatum,,,,,,,,,,No,No,,No
,bruguiera gymnorrhiza,,http://en.wikipedia.org/wiki/Bruguiera_gymnorrhiza,,,,,,,,"rough, black",,No,No,,No
,cleistanthus collinus,Euphorbiaceae,,Rare,,,,,,,"reddish ,flaky. Branches unarmed,resinous.",,Small green,Globose Woody,,No
,commiphora stocksiana,Burseraceae,http://en.wikipedia.org/wiki/Commiphora,Rare,,,,,,,reddish brown.,,Small red,Globose red,,No
,koelreuteria bipinnata,Sapindaceae,http://en.wikipedia.org/wiki/Koelreuteria_bipinnata,Rare,,,,,,,light coloured.,,Small yellow,Orange,,No
,paraserianthes lophantha,Mimosaceae,http://en.wikipedia.org/wiki/Paraserianthes_lophantha,Rare,,,,,,,,,White Fragrant,"Pods flat,reddish brown",,No